Name,Twitch,YouTube,Country Code
Null,,,XAN
Player,,,XAN
-JJ,https://www.twitch.tv/terhoa,,FIN
1stNoel,https://www.twitch.tv/the1stnoel,,USA
20Dan03,https://www.twitch.tv/20dan03,https://www.youtube.com/@20Dan03,GBR
2DKaps,,,USA
321MrHaatz,https://www.twitch.tv/321mrhaatz,,COL
3arrett,https://www.twitch.tv/3arrett,,USA
3RR0R404,https://www.twitch.tv/3rr0r400,,DEN
666_Tim,https://www.twitch.tv/666_tim,,GBR
8bitlord64,https://www.twitch.tv/8bitlord64,https://www.youtube.com/@8bitlord649,USA
Aaron Lee,,,AUS
AccessDEANied,https://www.twitch.tv/TheAccessDEANied,,USA
Adam Cornelius,https://www.twitch.tv/corndogulous,https://www.youtube.com/@acorneli78,USA
AdamIrish,https://www.twitch.tv/adamirishxp,https://www.youtube.com/@AdamIrishXP,IRL
AdamMts,https://www.twitch.tv/adammts02,https://www.youtube.com/@adammts6485,POL
Adas,,,POL
Addison (CAN),,,CAN
adudeabides,https://www.twitch.tv/adudeabides,,USA
afaelr,https://www.twitch.tv/afaelr,,BRA
aGameScout,https://www.twitch.tv/agamescout,https://www.youtube.com/@aGameScout,USA
Ajax,https://www.twitch.tv/der_ajax,,GER
AkAtu,https://www.twitch.tv/akatu__,https://www.youtube.com/@AkAtu_,FIN
AkumaLuxray,https://www.twitch.tv/akumaluxray,,USA
Al Shahed,,,AUS
Alecat,https://www.twitch.tv/alecat,,AUS
Alejodios41,https://www.twitch.tv/alejodios41,https://www.youtube.com/@locho41,ARG
Alex (HKG),,,HKG
Alex Kerr,https://www.twitch.tv/kitaru,https://www.youtube.com/@KitaruTC,USA
Alex S,https://www.twitch.tv/gripz0r,,ROU
Alex T,https://www.twitch.tv/tetrisalext,https://www.youtube.com/@alexthach276,USA
Alex_H,https://www.twitch.tv/alex_h,,GBR
Alice P,,,BRA
Allenbot,https://www.twitch.tv/ctnallenbot,https://www.youtube.com/@allenbot,SGP
ally_ok,https://www.twitch.tv/ally_ok,,USA
Alwin,https://www.twitch.tv/alwin___,,SUI
AMJ_Productions,https://www.twitch.tv/amj_productions,https://www.youtube.com/@AMJProductions,USA
Andrew Hunt,,,AUS
Andrew4043,https://www.twitch.tv/andrew4043,https://www.youtube.com/@4043andrew,USA
Andrey K,https://www.twitch.tv/andrey____k,https://www.youtube.com/@andrey____k,RUS
AnfonyHoe,https://www.twitch.tv/anfonyhoe,https://www.youtube.com/@AnfonyHoe,AUS
Angel (HKG),,,HKG
Angelo,,,USA
Angus McDonald,,,AUS
anicomi,https://www.twitch.tv/anicomi,https://www.youtube.com/@anicomi6764,KAZ
Anid29,https://www.twitch.tv/anid29,,MEX
Anna D,https://www.twitch.tv/vinesandwillows,https://www.youtube.com/@annaduricy1816,USA
Anomalous,https://www.twitch.tv/anomalous1375,,USA
Anonwhyz,,,COL
anpu,https://www.twitch.tv/anpu2468,https://www.youtube.com/@anpu-vu4gx,CAN
AnselTetris,https://www.twitch.tv/anseltetris,https://www.youtube.com/@PrimerGaming,USA
Aoife,https://www.twitch.tv/aoifetetris,https://www.youtube.com/@ignis02,USA
AppleJuice,,,USA
Arattor,,,POL
Arbaro,https://www.twitch.tv/arbarrro,,USA
ArcticXC,https://www.twitch.tv/arcticxc_,https://www.youtube.com/@ArcticXC,USA
Ard,https://www.twitch.tv/ard2025,,NED
Arden,https://www.twitch.tv/arden_0451,https://www.youtube.com/@arden_0451,ITA
armstrong,https://www.twitch.tv/armstrong6263,https://www.youtube.com/@armstrongtetris2109,USA
Arthur,https://www.twitch.tv/arthurvandork,,USA
Asta,https://www.twitch.tv/pots12344,https://www.youtube.com/@anthonypro1811,USA
Asunaru,,,JPN
atkoster,https://www.twitch.tv/hatkoster2,,USA
Audio,,,GER
Aur9,https://www.twitch.tv/aur9,https://www.youtube.com/@aur9ra,USA
Ava,https://www.twitch.tv/avaslive,https://www.youtube.com/@avasOnline,USA
AvGeekW159,https://www.twitch.tv/avgeekw159,,USA
Axiom,https://www.twitch.tv/axiom_105,,GER
AzuraHorizons,https://www.twitch.tv/azurahorizons,https://www.youtube.com/@AzuraHorizons,USA
B14NK,https://www.twitch.tv/b14nk17,https://www.youtube.com/@B14NK,USA
Baastinator,,https://www.youtube.com/@baastiplays,GER
BaeBeaBae,https://www.twitch.tv/baebeabae,,BRA
Bakadrian,https://www.twitch.tv/bakadrian13,,POL
Balaage,https://www.twitch.tv/tbalaage14,https://www.youtube.com/@balazstoth4740,HUN
Baovofe,,,VIE
Batfoy,https://www.twitch.tv/batfoy,https://www.youtube.com/@batfoy5311,USA
BeastinShen,https://www.twitch.tv/beastinshen,https://www.youtube.com/@WorldPuzzleLeague,USA
Ben Campbell,,,AUS
Ben Mullen,https://www.twitch.tv/benmullen297,https://www.youtube.com/@benmullen295,USA
Bendy,https://www.twitch.tv/bendy1streams,https://www.youtube.com/@bendy1427,USA
Benjy,https://www.twitch.tv/b3njy_b0y,https://www.youtube.com/@benjaminpalmer6248,USA
Benn Banasik,,,AUS
Benny,https://www.twitch.tv/mrberkguy,,USA
berenyi_kft,https://www.twitch.tv/berenyi_kft,https://www.youtube.com/@richardbagdan493,ROU
Bergtroll,https://www.twitch.tv/bergtroll7,https://www.youtube.com/@bergtroll7,FRA
Betastrep,https://www.twitch.tv/betastrep,https://www.youtube.com/@betastrep,USA
BiggieMac,https://www.twitch.tv/biggiemac42,https://www.youtube.com/@biggiemac42,USA
BigRed,https://www.twitch.tv/big_red01027,,USA
Billymac,https://www.twitch.tv/billymacmakes,,CAN
Binturong,,,POL
BirbWizard,https://www.twitch.tv/thebirbwizard,https://www.youtube.com/@birbwizard,USA
bisby,https://www.twitch.tv/bunnybisbyclyde,,USA
Bland,https://www.twitch.tv/realbland,https://www.youtube.com/@realbland,USA
Blargmeister,https://www.twitch.tv/blarg_meister,https://www.youtube.com/@BlargMeister,GBR
Blauwalbube,https://www.twitch.tv/blauwalbube,https://www.youtube.com/@blauwalbube9655,GER
blockhead,https://www.twitch.tv/blockhead137,https://www.youtube.com/@blockhead137,USA
Blue Scuti,https://www.twitch.tv/bluescuti,https://www.youtube.com/@bluescuti1771,USA
BlueBob,https://www.twitch.tv/BlueBob,https://www.youtube.com/@BlueBobsCinema,CAN
Bo Steil,https://www.twitch.tv/boSTEIL,https://www.youtube.com/@cancerbullets,USA
Bowser,https://www.twitch.tv/bowser_tb,,USA
Boxie,https://www.twitch.tv/boxie,,POR
Braime,,,GER
BreakfastNoodles,https://www.twitch.tv/breakfastnoodles,https://www.youtube.com/@breakfastnoodles,USA
Bren Chi,,,HKG
Brent Webber,,,AUS
Brian (HKG),,,HKG
BrianC,https://www.twitch.tv/brian__ch,,BRA
Brighton,https://www.twitch.tv/brightonpopsoff,https://www.youtube.com/@brightonpopsoff4970,USA
brodindamp,https://www.twitch.tv/brodindamp,https://www.youtube.com/@brodindamp,USA
Brxdders,https://www.twitch.tv/Brxdders,,GBR
BubbleRhapsody,https://www.twitch.tv/bubblerhapsody,https://www.youtube.com/@bubblerhapsody1198,GBR
Buco,https://www.twitch.tv/mobuco,https://www.youtube.com/@mabu100,USA
Burke,https://www.twitch.tv/burketkenny,,USA
Burki96,https://www.twitch.tv/burki96,,GER
burritodad,https://www.twitch.tv/burritodad,https://www.youtube.com/@burritodad69,USA
BV_09,https://www.twitch.tv/bv_09,https://www.youtube.com/@breandanvallance3107,GBR
Cameron Eure,,,USA
CaptainVirgil,https://www.twitch.tv/mlgcaptainvirgil,https://www.youtube.com/@MLGCaptainVirgil,USA
Casey Trent,,,AUS
Casually,https://www.twitch.tv/CasuallyPwning,,GBR
catsugiri,https://www.twitch.tv/catsugiri,https://www.youtube.com/@catsugiri,USA
Caz Hoad,,,AUS
cchristm,https://www.twitch.tv/cchristm,,USA
Cedl,,,GER
Chad,,,USA
Chance,,,USA
Chaotic Hazel,https://www.twitch.tv/chaotichazel_12,https://www.youtube.com/@ChaoticHazel,USA
CheeZ,https://www.twitch.tv/cheez_e,https://www.youtube.com/@CheezTetris,USA
Chef O,https://www.twitch.tv/lanheg,,AUS
Chen Zi Xuan,,,ROC
Chillalla,https://www.twitch.tv/chillala,https://www.youtube.com/@Chillalla,AUS
ChirpingMatt,https://www.twitch.tv/chirpingmatt,,USA
Chong,https://www.twitch.tv/chong,,SGP
Chris (AUS),,,AUS
Chris (CAN),,,CAN
Chris Bidwell,https://www.twitch.tv/bsg4000,https://www.youtube.com/@bsg4000,USA
Chris Brady,https://www.twitch.tv/cbrady79,,USA
Chris Foryst,https://www.twitch.tv/ForystChris,https://www.youtube.com/@ChrisFORYST,POL
Chris Tang,https://www.twitch.tv/crishtang,https://www.youtube.com/@CRISHTANG,USA
Chrissy Ford,https://www.twitch.tv/daragamuffin,https://www.youtube.com/@ChrissyFordGames,GBR
Christo,https://www.twitch.tv/liar_o7,,CAN
Chroma,https://www.twitch.tv/kharoama,,KOR
Chun Wu,,,HKG
Civel,https://www.twitch.tv/civel17,,FRA
Clarity,,,VIE
Claver,,,XAN
Clockworker,https://www.twitch.tv/clockworker2k,https://www.youtube.com/@clockworker578,USA
Coal,https://www.twitch.tv/coalbucket2,https://www.youtube.com/@coalbucket9383,USA
Cobalt,https://www.twitch.tv/amcobalt,https://www.youtube.com/@okCobalt,USA
cobra,https://www.twitch.tv/cobra6731,https://www.youtube.com/@cobratetris,USA
colby,https://www.twitch.tv/cdubs_cs,,USA
Colton,https://www.twitch.tv/blackstar_c,,USA
Conor (CAN),,,CAN
CosmicClone,,,USA
Cousin,,,FRA
CrabRangon,https://www.twitch.tv/crabrangon24,,USA
Crowhuntt,https://www.twitch.tv/crowhuntt,,ESP
CryticaLapis,https://www.twitch.tv/cryticalapis,https://www.youtube.com/@criticallapis8702,USA
Curi,https://www.twitch.tv/c_uri,https://www.youtube.com/@C_uri,USA
Cwieku,https://www.twitch.tv/cwiekoszczak,,POL
CyanSyber,https://www.twitch.tv/cyansyber,,USA
CzarJordan,https://www.twitch.tv/czarjordan,https://www.youtube.com/@czarjordan,USA
Da3mon9420,https://www.twitch.tv/Da3mon9420,https://www.youtube.com/@Damon-bh6kd,USA
DaAsiann,https://www.twitch.tv/daasiann_,,USA
Dabeast153,https://www.twitch.tv/Dabeast153,,USA
DaLuckyCarpet,,,GBR
Dan (Southern),,,USA
Dan Griffin,,,AUS
Dana Wilcox,,https://www.youtube.com/@danawilcox1811,USA
Danny Vulich,,https://www.youtube.com/@dannyvulich,USA
DanQZ,https://www.twitch.tv/danqztwitch,https://www.youtube.com/@DanQZ,USA
DanV,https://www.twitch.tv/danvweller,https://www.youtube.com/@DanVWeller,GBR
DarthDreadz,https://www.twitch.tv/darthdreadz,https://www.youtube.com/@darthdreadz556,CAN
Dave (HKG),,,HKG
Dave Mullins,,,AUS
David Arthurs,,,AUS
David Vulich,https://www.twitch.tv/davidvulich,https://www.youtube.com/@davidvulich,USA
dawg,https://www.twitch.tv/dawgplayingtetris,,USA
Deewee,https://www.twitch.tv/deewee7,,FIN
Dekk,https://www.twitch.tv/dekk_cl,https://www.youtube.com/@DekkTetris,USA
Dersis,,,GER
Dillan,https://www.twitch.tv/answer2question,https://www.youtube.com/@answer2question742,USA
DivCaste,https://www.twitch.tv/divcaste,https://www.youtube.com/@DivCaste,USA
DLo,https://www.twitch.tv/real_diculous,https://www.youtube.com/@GGsDLo,USA
DMJ,https://www.twitch.tv/dmj_81,https://www.youtube.com/@davidjennings2300,USA
dmsy,https://www.twitch.tv/dmsy,https://www.youtube.com/@dimsyog,INA
Dobry,https://www.twitch.tv/DobryCzlowiek1,,POL
DocPi,https://www.twitch.tv/docpi314,https://www.youtube.com/@docpi3141,USA
doge,https://www.twitch.tv/doge_nestris,https://www.youtube.com/@dogenestris,USA
dogplayingtetris,https://www.twitch.tv/dogplayingtetris,https://www.youtube.com/@dogplayingtetris,USA
Don (HKG),,,HKG
Donald (Midwest),,,USA
DonLooz,https://www.twitch.tv/donlooz,,POL
doodle,https://www.twitch.tv/doodle89,,USA
Doshi,,,POL
Dr_EL86,https://www.twitch.tv/Dr_EL86,,MEX
Draco,https://www.twitch.tv/storminorman_,https://www.youtube.com/@storminorman315,USA
DramenDays,,,MEX
DrKnockers,https://www.twitch.tv/drknock3rs,https://www.youtube.com/@drkn0ckers715,MAS
DukeHoGWiLd,,https://www.youtube.com/@dukehogwild7581,USA
DuzyK,https://www.twitch.tv/gigaduzyk,https://www.youtube.com/@TetrisDuzyK,POL
Dyst,,,DEN
Dzwig,,,POL
e_flat7,https://www.twitch.tv/e_flat7,https://www.youtube.com/@eflat7_,CAN
Eli Markstrom,https://www.twitch.tv/elijahn5,https://www.youtube.com/@elijahn5,USA
elias,https://www.twitch.tv/elias42_,https://www.youtube.com/@Elias.classictetris,ECU
Eliwa,https://www.twitch.tv/eliwa131,https://www.youtube.com/@eliwa_tetris,AUT
Elpailtem,https://www.twitch.tv/elpailtem,https://www.youtube.com/@elpailtem7668,NED
Enscalight,https://www.twitch.tv/enscalight,,DOM
Equi,https://www.twitch.tv/iuqe,,GBR
Eren,https://www.twitch.tv/cooliceage,https://www.youtube.com/@ErenMichelet,USA
EricICX,https://www.twitch.tv/ericicx,https://www.youtube.com/@EricICX,USA
Erik (CAN),,,CAN
Erik (GER),,,GER
Erilioness,https://www.twitch.tv/erilioness,,CZE
Eris,https://www.twitch.tv/eristhevorta,https://www.youtube.com/@MatthewBluefox,SUI
Ethan Daniels,https://www.twitch.tv/f_symbols,,USA
EthanThoughts,https://www.twitch.tv/ethanthoughts,https://www.youtube.com/@ethanthoughts,USA
Evan (Midwest),,,USA
evesy,https://www.twitch.tv/evesylive,https://www.youtube.com/@evesy4696,GBR
Exca,https://www.twitch.tv/excadrilltetris,https://www.youtube.com/@Excadrilltetris,ARG
EZhedeh,https://www.twitch.tv/ezhedeh,,USA
f(x)as,,,BRA
F1Champion,https://www.twitch.tv/f1champion_tetris,https://www.youtube.com/@f1championtetris383,ESP
F1PROX,https://www.twitch.tv/f1prox407,https://www.youtube.com/@F1PROX407,FRA
Famarok,https://www.twitch.tv/famarok,,SWE
Feoden,https://www.twitch.tv/your__Emperor,,USA
Firedox,https://www.twitch.tv/firedox532,https://www.youtube.com/@Firedox532,CAN
Fish,,,GBR
Flashboy,https://www.twitch.tv/flashboy_lhq,,VIE
Flashmonger,https://www.twitch.tv/flashmonger,,CAN
foiledthrice,https://www.twitch.tv/foiledthrice,https://www.youtube.com/@foiledthrice,USA
FP!,https://www.twitch.tv/furiousprogramming,https://www.youtube.com/@furious-programming,POL
Fractal,https://www.twitch.tv/fractal,https://www.youtube.com/@fractal161,USA
framedump,https://www.twitch.tv/framedump,,NZL
Frank Westphal,https://www.twitch.tv/Rizz1010,https://www.youtube.com/@rizz1010,USA
Franko (HKG),,,HKG
Fredholm,https://www.twitch.tv/frdhlm,,SWE
Freshd,,,GER
fridaywitch,https://www.twitch.tv/fridaywitch,https://www.youtube.com/@friday_witch,USA
fulter092,https://www.twitch.tv/fulter092,https://www.youtube.com/@Fulter2,MEX
Fung Chan,,,AUS
fur_of_kitten,https://www.twitch.tv/fur_of_kitten,,CAN
Furio,https://www.twitch.tv/furio4299,,GBR
GalaxyBiscuit,https://www.twitch.tv/galaxybiscuit_,,AUS
galoomba,https://www.twitch.tv/galoomba_,,SLO
Galosengen,,,USA
Gary (HKG),,,HKG
Gass,,,MEX
GCGarcia,,,COL
GDudge,https://www.twitch.tv/GDudge18,,POL
Geowolf,https://www.twitch.tv/geowolf77,https://www.youtube.com/@GeorgevanHalderen,NED
Gerald (SGP),,,SGP
Gerald Freeman,https://www.twitch.tv/gerald_freeman,https://www.youtube.com/@geraldfreeman2164,USA
gi_0h,https://www.twitch.tv/gi_0h,,PUR
Giant,https://www.twitch.tv/xgiantxnin,https://www.youtube.com/@geraldfreeman2164,GER
Gin Morgan,,,USA
Giovanni,https://www.twitch.tv/giovanniostuni,,ITA
GlanBeren,https://www.twitch.tv/glanberen,,GER
Gobstar,,,USA
Gordon,,,GBR
Gosciu,,,POL
Grand Designs,https://www.twitch.tv/granddesigns82,,USA
Grape,https://www.twitch.tv/grape223,,SGP
Grasiu,,,POL
Gravy,https://www.twitch.tv/restingzzz,,USA
Greebo,,,GER
Greentea,https://www.twitch.tv/suitougreentea,https://www.youtube.com/@sgreentea,JPN
Greg Cannon,https://www.twitch.tv/gregboomcannon,https://www.youtube.com/@GregCannon7,USA
Greg V,https://www.twitch.tv/vandyvee,,USA
GuardianPsycho,https://www.twitch.tv/GuardianPsycho,https://www.youtube.com/@GuardianPsycho,USA
Guerrero,https://www.twitch.tv/guerreroasdf,https://www.youtube.com/@guerreroASDF,COL
Gunter,https://www.twitch.tv/guntertetris,https://www.youtube.com/@gabrielbondon3673,FRA
Guo Zi Ang,,,ROC
Gwafey,https://www.twitch.tv/gwafey,https://www.youtube.com/@GwafeyTetris,USA
Hana,https://www.twitch.tv/lilcutiehana,https://www.youtube.com/@LilHana,USA
Hangamaster,https://www.twitch.tv/hangamaster,,ESP
HanKs5000,https://www.twitch.tv/HanKs5000,,CAN
HarrieMcRacc,https://www.twitch.tv/harriemcracc,https://www.youtube.com/@mcracc,GRE
Harry Hong,https://www.twitch.tv/supasayajin,https://www.youtube.com/@SuPaSaYaJiN,USA
Haven,https://www.twitch.tv/fromhavensbedroom,,HKG
hazelnutmilk,https://www.twitch.tv/thehazelnutmilk,,INA
Hebo-MAI,,,JPN
Hecate,https://www.twitch.tv/frodo_dodo_,https://www.youtube.com/@frodododo,GBR
Heist,https://www.twitch.tv/heistonline,https://www.youtube.com/@heistonline7253,CHI
Heli (AUS),,,AUS
Henry Hu,,,AUS
Hepps,https://www.twitch.tv/heppsxd,https://www.youtube.com/@Heppsxd,GBR
hepta,https://www.twitch.tv/hepta2,https://www.youtube.com/@hepta5040,FIN
hetzo,,,USA
Hezzuli,https://www.twitch.tv/hezzuli,https://www.youtube.com/@Hezzu,FIN
Hideri,https://www.twitch.tv/hideri_nestris,https://www.youtube.com/@hideri_nestris,USA
Him Cheng,https://www.twitch.tv/himhim77,https://www.youtube.com/@himcheng6205,HKG
Hook,https://www.twitch.tv/hook64,https://www.youtube.com/@hook64,MEX
hook64,https://www.twitch.tv/hook64,,MEX
Huffulufugus,https://www.twitch.tv/huffulufugus_,https://www.youtube.com/@Huffulufugus,USA
HydrantDude,https://www.twitch.tv/hydrantdude8,https://www.youtube.com/@hydrantdude3642,USA
Iago,,,BRA
IanKanetsu,https://www.twitch.tv/iankanetsu,https://www.youtube.com/@iankanetsutetris2902,USA
IanKeith,https://www.twitch.tv/iankeith,https://www.youtube.com/@iankeith,USA
iBall,https://www.twitch.tv/iball1_,https://www.youtube.com/@iBall1,CAN
IceBlade73,https://www.twitch.tv/Iceblade73,https://www.youtube.com/@iceblade732,SUI
Id_Kirby,https://www.twitch.tv/id_kirby,https://www.youtube.com/@kirbyrulz3314,USA
Ilaria,,https://www.youtube.com/@ilariafornasiero2267,ITA
Imanity,,,GER
Implode,https://www.twitch.tv/implode573,,USA
Inexistance,https://www.twitch.tv/Inexistence124,https://www.youtube.com/@Inexistence,GBR
Insaniso,https://www.twitch.tv/insaniso,,BRA
Invader,,,USA
Isaac (HKG),,,HKG
Isaiah,,,CAN
Isaque,https://www.twitch.tv/isaque1964,,BRA
ITGBalbar,https://www.twitch.tv/itgbalbar,,MNG
Ivory,https://www.twitch.tv/ivory_99,https://www.youtube.com/@jojoyan99,USA
Izobreen,https://www.twitch.tv/izobreen7,https://www.youtube.com/@GamerZPlay7254,USA
Jackatackz,,,USA
Jackson (CAN),,,CAN
Jacobo,https://www.twitch.tv/thirstyjacobo,,USA
Jake Stein,,https://www.youtube.com/@jakestein7485,USA
Jakeywinks,https://www.twitch.tv/jakeywinks,https://www.youtube.com/@jakeywinks,USA
Jakub,https://www.twitch.tv/tetrisjakub,https://www.youtube.com/@tetrisjakub,GER
Jan,https://www.twitch.tv/cpt_jawkins,,BEL
Jani Herlevi,https://www.twitch.tv/janutzska,https://www.youtube.com/@janutzska,FIN
Japorto,https://www.twitch.tv/japorto,https://www.youtube.com/@japorto7,BRA
Jati,https://www.twitch.tv/pohonjati,https://www.youtube.com/@pohonjat1,INA
Jaws,https://www.twitch.tv/aaronjawshomoki,https://www.youtube.com/@AaronJAWSHomokiSkateboarding,USA
Jazz,https://www.twitch.tv/tetrisjazz,,CAN
JazzThief81,https://www.twitch.tv/jazzthief81,https://www.youtube.com/@jazzthief81,BEL
JDH,https://www.twitch.tv/j_d_h,,USA
JdMfX_,https://www.twitch.tv/jdmfx_,https://www.youtube.com/@JdMfX_,USA
Jedi,,,LUX
Jedi Evan,https://www.twitch.tv/jedievan4,https://www.youtube.com/@weatherdynamics,USA
Jeez,https://www.twitch.tv/jeez007bd,https://www.youtube.com/@jeezm7884,CAN
Jeff Moore,https://www.twitch.tv/digginout,https://www.youtube.com/@moorefamactivities9588,USA
Jeffrey (LUX),,,LUX
Jejeremias,https://www.twitch.tv/Jejeremias,,ARG
Jellonaviina,https://www.twitch.tv/jellonaviina,,FIN
jerpi,https://www.twitch.tv/jerpee,https://www.youtube.com/@jerpidude8416,USA
JGS (SGP),https://www.twitch.tv/jonathanirvings,,SGP
Jim (Midwest),,,USA
jim8c,https://www.twitch.tv/jim8cc,https://www.youtube.com/@jim8c,USA
Joacozep,https://www.twitch.tv/joacozep,,ARG
Joelink,https://www.twitch.tv/link9400,,ARG
Joey Parker,https://www.twitch.tv/indierocker81,https://www.youtube.com/@joeyparker9456,USA
Johann,https://www.twitch.tv/engjohann,https://www.youtube.com/@engjohann653,BRA
John Wong,https://www.twitch.tv/wlhjohn622,https://www.youtube.com/@wlhjohn622,HKG
Johnno Pearson,https://www.twitch.tv/jono103,,AUS
johntbyram,https://www.twitch.tv/johntbyram,,USA
Jon Baker,,,USA
Jonas,https://www.twitch.tv/nubbinsgoody,https://www.youtube.com/@JonasTeh81,USA
Jonesy,https://www.twitch.tv/redshirttheory,,USA
Jordan (CAN),,,CAN
Jorge White,,,MEX
Josh Tolles,https://www.twitch.tv/joshualtolles,https://www.youtube.com/@bigstupidsuck,USA
Joyce,,,HKG
JuliaKalim,https://www.twitch.tv/juliakalim,,GER
Juravljov,https://www.twitch.tv/juravljov,https://www.youtube.com/@juravljov,RUS
Kanelkake,,,NOR
Kanto,https://www.twitch.tv/kantodream,,FRA
Katiebug,https://www.twitch.tv/katiebug331,https://www.youtube.com/@katiebug5948,USA
Keith Wong,https://www.twitch.tv/citricice,https://www.youtube.com/@citricice,CAN
KennyTheBard,https://www.twitch.tv/kennythebard0,,ROU
KevinDDR,,https://www.youtube.com/@KevinDDR,USA
Kibi Byte,https://www.twitch.tv/kibi_byte,https://www.youtube.com/@Kibi_Byte,USA
Kim Moore,https://www.twitch.tv/crafteekim,https://www.youtube.com/@moorefamactivities9588,USA
Kingsman,https://www.twitch.tv/kingsman36,https://www.youtube.com/@Kingsman36,USA
Kirby703,https://www.twitch.tv/kirby703,https://www.youtube.com/@Kirby703,USA
Kirjava,https://www.twitch.tv/kirj4va,https://www.youtube.com/@kirjavascript,GBR
KofiOW,https://www.twitch.tv/kofiow,https://www.youtube.com/@PurpleKofi,USA
Koiro,https://www.twitch.tv/doggodoggowoofwoof,,FIN
Koolio,https://www.twitch.tv/kooliooolio,,USA
Koryan,https://www.twitch.tv/vst_koryan,https://www.youtube.com/@VstKoryan,JPN
Kristen Stein,,,USA
KunfusingPoke,https://www.twitch.tv/kunfusingpoke,https://www.youtube.com/@kunfusingpoke,USA
kyiranes,https://www.twitch.tv/kyiranes,https://www.youtube.com/@kyiraNES,USA
Kyradev,https://www.twitch.tv/kyradev,https://www.youtube.com/@Kyradev,USA
Lana,https://www.twitch.tv/lana64,https://www.youtube.com/@lana6493,AUS
Lapis,https://www.twitch.tv/lapis_lazuli_tetris,https://www.youtube.com/@lapislazuli4288,USA
Lars (Southern),,,USA
Lastarot,https://www.twitch.tv/lastarot_qc,https://www.youtube.com/@VincentTassin,BEL
Lau Cheuk,,,HKG
Lazer,https://www.twitch.tv/plasmamonkey,https://www.youtube.com/@LazerTetris,USA
Leepinephrine,https://www.twitch.tv/leepinephrine121,https://www.youtube.com/@leepine121,SGP
LesbianSF,https://www.twitch.tv/lesbianswordfighting,https://www.youtube.com/@internetlesbian,USA
Lettuce,https://www.twitch.tv/lettuceots,,GBR
Liam (AUS),,,AUS
Liliana,https://www.twitch.tv/liliana_of_the_dragon,https://www.youtube.com/@DrHades,CZE
Lilli,https://www.twitch.tv/lillilllliililli,,SGP
Limao,https://www.twitch.tv/limaocolirio,,BRA
Lin Chang An,,,ROC
Liolio,https://www.twitch.tv/liolio1230,https://www.youtube.com/@liolio1230,BUL
Liptoneq,https://www.twitch.tv/liptoneq196,,POL
lmao_yeet,https://www.twitch.tv/lmao_yeet1234,,USA
Loading,,,CZE
LockyLaw,,,HKG
Lokenze,https://www.twitch.tv/lokenze,https://www.youtube.com/@LokenzeCraft,ESP
LongBoy,https://www.twitch.tv/theboyislong,https://www.youtube.com/@longboytetris,SWE
LouieSkouie,https://www.twitch.tv/louieskouie,https://www.youtube.com/@LouieSkouie,CAN
Lucas Huang,,,ROC
Lucas3241,https://www.twitch.tv/lucass3241,https://www.youtube.com/@lucass430,BRA
Luco107,https://www.twitch.tv/luco107,,NED
Lucy,https://www.twitch.tv/franticthumb,https://www.youtube.com/@franticthumb9660,GBR
Luis (ESP),https://www.twitch.tv/luis000030,https://www.youtube.com/@Luis-kd1sf,ESP
Luis (POR),https://www.twitch.tv/luis_tetris,,POR
lukeand26,https://www.twitch.tv/lukeand26,https://www.youtube.com/@lukeanderson8769,USA
Lukideluxe,https://www.twitch.tv/lukideluxe11,,AUT
Mack (CAN),,,CAN
Maddy,https://www.twitch.tv/sleebymaddy,https://www.youtube.com/@MadelineGaming,USA
Madpear,https://www.twitch.tv/madpear_,,USA
Maiteireida,,,GBR
MaiWingKos,https://www.twitch.tv/Maiwingkos,https://www.youtube.com/@Maiwingkos,BEL
Manaka,,,USA
Mao Mao,,,GER
Mar2dina,,,USA
Marco,https://www.twitch.tv/marco_z_tetris,,ITA
Marfram,https://www.twitch.tv/marfram,https://www.youtube.com/@marfram1,USA
Mari,https://www.twitch.tv/mari_712,https://www.youtube.com/@Aptiz712,USA
Maria,,,USA
Marius,,,GER
markpm0,https://www.twitch.tv/markpm0,https://www.youtube.com/@markpm04448,PHI
Marq,https://www.twitch.tv/marq_tetris,https://www.youtube.com/@marcdeusxtetris877,GER
MartinB,,,GER
Marts,https://www.twitch.tv/martscrusher,https://www.youtube.com/@Martscrusher,CAN
Mathwiz,https://www.twitch.tv/mathwiz101,,USA
Matt (Midwest),,,USA
Matt Martin,https://www.twitch.tv/rookoutrogue,https://www.youtube.com/@rookoutrogue2603,USA
Matt SC,https://www.twitch.tv/SmallChangeArcade,https://www.youtube.com/@SmallChangeArcade,USA
Maurice,https://www.twitch.tv/mauricesy,,GER
Mayhoffer,https://www.twitch.tv/mayhoffer_,,POL
mcomegalletas,https://www.twitch.tv/mcomegalletas,,COL
McPorkChop,https://www.twitch.tv/mcporkchop54,https://www.youtube.com/@mcporkchop5460,USA
Mecex,https://www.twitch.tv/m3cex,https://www.youtube.com/@GDMecex_YT,ESP
MegaRetroMan,https://www.twitch.tv/megaretroman,https://www.youtube.com/@hayabusa8314,USA
MegTheEgg,https://www.twitch.tv/megtheegg,,USA
mel_nsoda,https://www.twitch.tv/mel_nsoda,,PHI
MelHK,https://www.twitch.tv/melhk_,https://www.youtube.com/@melhoutkooper4006,NED
Melissa (CAN),,,CAN
meme,https://www.twitch.tv/deadmemelmao,https://www.youtube.com/@memeofalltimee,USA
Mendion,https://www.twitch.tv/mendion82,,ARG
Merlin,,,GER
Micetro,https://www.twitch.tv/micetro,https://www.youtube.com/@micetro614,USA
Michael G,,https://www.youtube.com/@Shallowweb,USA
Michelle (HKG),,,HKG
Michu,https://www.twitch.tv/michutetris,https://www.youtube.com/@michutetris6502,POL
MicroBlizz,https://www.twitch.tv/microblizz,https://www.youtube.com/@MicroBlizz,CAN
Mikatubi,https://www.twitch.tv/Mikatubi,,GBR
Mikaway,https://www.twitch.tv/Mikaway1,,GBR
Mike (CAN),,,CAN
Mike Owen,,,USA
Mike Winzinek,https://www.twitch.tv/mikewiz004,,USA
Mikomalo,https://www.twitch.tv/mikomalo,,ESP
Mil0,https://www.twitch.tv/mil0streams,https://www.youtube.com/@nihilartikelgamer,USA
Miller,,,EGY
minertyler,https://www.twitch.tv/minertyler100,,USA
Mingshin,,,SGP
Mireu,,https://www.youtube.com/@MiREU.T,USA
Mirror,https://www.twitch.tv/afmirror,,GBR
Mirrorriker,https://www.twitch.tv/mirrorriker,,USA
Mitchell (CAN),,,CAN
Mito,,,GER
Mitolex,https://www.twitch.tv/mitolex,,GER
Mleczak,https://www.twitch.tv/mleczakgnooy,https://www.youtube.com/@ZgasTenInternet,POL
Mohammad,https://www.twitch.tv/mohammadbadir,https://www.youtube.com/@mohammadbadir9297,PSE
moja,https://www.twitch.tv/moja314,https://www.youtube.com/@moja3147,GER
Mondschein,,,GER
Monochromie,,,MEX
Moodeuce,https://www.twitch.tv/moodeuce,,AUS
Morelando,https://www.twitch.tv/morelando_,https://www.youtube.com/@morelando_,USA
Morenaza,https://www.twitch.tv/MorenazaDeFuego,,MEX
Morkos,https://www.twitch.tv/morkoss,https://www.youtube.com/@Merkers,FIN
Movin (HKG),,,HKG
Mqisie,https://www.twitch.tv/mqisie_,https://www.youtube.com/@mqisie,FRA
Mr. FAQ,https://www.twitch.tv/mrfaq2014,,ARG
mrshadow,https://www.twitch.tv/ethan_taikotris,,GBR
Muminlaxon,,,POL
mushman3,https://www.twitch.tv/mushman3,,USA
Muunas,https://www.twitch.tv/Muunas,,USA
MWK,https://www.twitch.tv/eMWuK,,POL
MylesTheGreat,https://www.twitch.tv/myles,https://www.youtube.com/@MylesTheGreat,USA
Myth_sys,https://www.twitch.tv/Myth_sys,,COL
n0mori,https://www.twitch.tv/n0mori,https://www.youtube.com/@nick33omori,BRA
Nada (CAN),,,CAN
Nadav,,,ISR
Nao,https://www.twitch.tv/nao787878,,FRA
Nathan Yazbeck,,,AUS
Navia,,,USA
NDDK,https://www.twitch.tv/nddk1,https://www.youtube.com/@nddk2670,USA
nek0,https://www.twitch.tv/1nek01,,RUS
Nel,,,GER
Nenu,https://www.twitch.tv/zefanyanenu,https://www.youtube.com/@NenuZefanyaKariko,INA
Neotrisss,https://www.twitch.tv/neotrisss,,FRA
NerdTheBox,https://www.twitch.tv/nerdthebox,https://www.youtube.com/@NerdTheBox,USA
Nerdzzzzz,https://www.twitch.tv/nerdzzzzz,https://www.youtube.com/@nerdzzzzz8899,HKG
NESCardinality,https://www.twitch.tv/nescardinality,,CAN
neuro630,https://www.twitch.tv/neuro630,,USA
NeutrisicAcid,https://www.twitch.tv/neutrisicacid,,SGP
Nevanator,https://www.twitch.tv/nevanator2005,https://www.youtube.com/@Nevanator2005,USA
NGC Man,https://www.twitch.tv/ngc_man25,https://www.youtube.com/@ngc_man25,USA
nguyencraft,https://www.twitch.tv/nguyencraft,,VIE
Nia,https://www.twitch.tv/tetrominia,https://www.youtube.com/@niatetris,USA
Nicola (HKG),,,HKG
night,https://www.twitch.tv/heyonight,https://www.youtube.com/@HeyoNight,CAN
Nima74,https://www.twitch.tv/nima74,https://www.youtube.com/@nima7423,USA
niner80,https://www.twitch.tv/niner80,https://www.youtube.com/@niner80,USA
Ninja,https://www.twitch.tv/ninjaofninjas5,,USA
Nolan,https://www.twitch.tv/nolan_on_twitch,https://www.youtube.com/@nolanrobson2821,USA
noodle,https://www.twitch.tv/n00d1e_,https://www.youtube.com/@noodleyo,AUS
Noqturn,https://www.twitch.tv/noqturn,,CAN
Noraneko,,,ESP
Noskcaj,https://www.twitch.tv/Noskcaj,,AUS
Nowi,https://www.twitch.tv/nowi1,https://www.youtube.com/@nowipro777,MEX
Noztrom,https://www.twitch.tv/noztrom,https://www.youtube.com/@noztrom1798,USA
Obelex,https://www.twitch.tv/obelexobendre,https://www.youtube.com/@obelex_tetris,FRA
Odinn,https://www.twitch.tv/odinnlogi06,,ISL
OeufMeansEgg,https://www.twitch.tv/oeufmeansegg,,USA
oldTapp3r,https://www.twitch.tv/oldTapp3r,https://www.youtube.com/@oldtapp3r726,BRA
OmaRedstar,https://www.twitch.tv/omaredstar,,USA
OnlyMx13,https://www.twitch.tv/onlymx13,,USA
Oofed,https://www.twitch.tv/oofed73,https://www.youtube.com/@GM-je3zp,GRE
Oofie,https://www.twitch.tv/oofietetris,https://www.youtube.com/@Thai-zu9xm,VIE
Opaux,https://www.twitch.tv/opaux,https://www.youtube.com/@opaux5758,USA
Ororg,,,BEL
Oscar Godinez,https://www.twitch.tv/oscargodinez7,,MEX
Oswell (SGP),,,SGP
Owca,https://www.twitch.tv/owcakierowcabombowca,,POL
Packie,https://www.twitch.tv/packie619,https://www.youtube.com/@bobguy619,USA
pacoistaco,https://www.twitch.tv/pacoistaco,,USA
Pajtek,,,POL
Palao,https://www.twitch.tv/ph_mascarado,,BRA
PanicPortal,https://www.twitch.tv/panicportal,,KAZ
PapaEmeritus,,,ITA
Paradigm,https://www.twitch.tv/ttparadigm,https://www.youtube.com/@TTParadigm,USA
Pascal,https://www.twitch.tv/zaupas,,SUI
PastelCharlie,https://www.twitch.tv/pastelcharlie,https://www.youtube.com/@charliekohl7358,USA
Pat (Hartford),,,USA
Patrick Griffin,,,AUS
Patrick Nyffeler,,https://www.youtube.com/@patricknyffeler7322,USA
Paul Yeo,https://www.twitch.tv/paul_soup_,,SGP
Peekayric,https://www.twitch.tv/peekayric,https://www.youtube.com/@peekayric6300,USA
PenguinPanic,https://www.twitch.tv/penguinpanic,https://www.youtube.com/@jamesoconnell1022,GBR
Penniless,https://www.twitch.tv/PeNNiLeSS_ow,,SGP
Pepe,https://www.twitch.tv/pepe2381,,ARG
Peter Ng,,,HKG
Peterthechair,https://www.twitch.tv/peterthechair,,USA
Peyton,https://www.twitch.tv/peytonontetris,https://www.youtube.com/@PeytonOnTetris,USA
Phamtom,https://www.twitch.tv/phamtom_opera,https://www.youtube.com/@phamtom_opera3294,USA
Phloxae,https://www.twitch.tv/phloxae,https://www.youtube.com/@Phloxae1984,GBR
Pissarse,https://www.twitch.tv/pissarse,https://www.youtube.com/@pissarse8964,GBR
PIW,https://www.twitch.tv/PiWTetris,,POL
PixelAndy,https://www.twitch.tv/p1xelandy,https://www.youtube.com/@P1xelAndy,USA
PixelAtc,https://www.twitch.tv/pixelatc,,THA
PJ (BRA),https://www.twitch.tv/pokerpj,,BRA
PMYA,https://www.twitch.tv/pmya,,GBR
Poet13,https://www.twitch.tv/poet13,https://www.youtube.com/@Poet13xRatedRKO,GER
Pokenerd,https://www.twitch.tv/pokenerd_,https://www.youtube.com/@33Pokenerd,KOR
PolicyChanges,https://www.twitch.tv/PolicyChanges,https://www.youtube.com/@policychanges,USA
Pollo,https://www.twitch.tv/pollosalazar358,https://www.youtube.com/@mariosalazar4404,MEX
Pollochidoman,https://www.twitch.tv/Pollochidoman,,MEX
poopyoldhag,https://www.twitch.tv/poopyoldhag,https://www.youtube.com/@poopyoldhag9020,NZL
Porridge,,https://www.youtube.com/@porridgebowl9717,NOR
Professor L,https://www.twitch.tv/professor_l,https://www.youtube.com/@professorl4208,USA
Psasz100,https://www.twitch.tv/psasz100,,POL
Psycho,,,POL
puppyball,https://www.twitch.tv/puppyball,https://www.youtube.com/@colinfranco3046,USA
Pyrek,https://www.twitch.tv/pyrek1989,,POL
Quaid,https://www.twitch.tv/bigdaddyquaid,https://www.youtube.com/@I_am_QUAID,USA
R.a.x.t,https://www.twitch.tv/r_a_x_t,,GER
r3io4mf,https://www.twitch.tv/r3io4mf,,SGP
R3mm3dy,https://www.twitch.tv/r3mm3dy,,NZL
Radmir,https://www.twitch.tv/radmirrrrr,https://www.youtube.com/@radmirtaishaev7267,RUS
RaduxSepul,https://www.twitch.tv/RaduxSepul,,CHI
Rahmations,https://www.twitch.tv/rahmations,https://www.youtube.com/@Rahmations,USA
Rapta,https://twitch.tv/rapta725,,GER
Red40,,,USA
Redshurt,https://www.twitch.tv/redshurt,,USA
Reed Hanson,https://www.twitch.tv/rfh316,,USA
Reid,https://www.twitch.tv/actuallyreid,,USA
Reimia,https://www.twitch.tv/reimia__,,RUS
Remainings,https://www.twitch.tv/remainingshater,https://www.youtube.com/@RemainingsHater,CAN
Remmy,https://www.twitch.tv/remmywel11,,CAN
rens,https://www.twitch.tv/r_ens,https://www.youtube.com/@rens727,USA
rensuchan,https://www.twitch.tv/rensuchan,,USA
RetroCabeza,https://www.twitch.tv/retrocabeza,,ESP
RetroRider,,,SGP
RevUp,https://www.twitch.tv/revupthosefryerssss,,USA
Rhubarb,https://www.twitch.tv/vicious_rhubarb,https://www.youtube.com/@vicious_rhubarb2247,USA
Richard Wolf VI,https://www.twitch.tv/richardwolfvi,,COL
Rigel Pierce,,,USA
Rinko,https://www.twitch.tv/lightshatterz,,USA
Robin (GBR),,,GBR
Robin Mihara,https://www.twitch.tv/tetrismattress,https://www.youtube.com/@robinmihara2418,USA
RobinTetris,https://www.twitch.tv/robintetris,https://www.youtube.com/@robintetris,NED
RoccoRicci,https://www.twitch.tv/roccoricci,https://www.youtube.com/@roccoricci1289,NED
Roman,https://www.twitch.tv/anangryroro,,USA
Rory,https://www.twitch.tv/rory79,,MEX
Rose,https://www.twitch.tv/rozelllia,https://www.youtube.com/@rozelllia,USA
Ross (AUS),,,AUS
RubienLily,,,VIE
RubiksRonaldo,https://www.twitch.tv/RubiksRonaldo,,USA
Ruins,https://www.twitch.tv/eruins,https://www.youtube.com/@ruins4016,USA
Rurczak,https://www.twitch.tv/bald_shaggy,https://www.youtube.com/@RurczakKurczak,POL
rvp,https://www.twitch.tv/rvp64,https://www.youtube.com/@rvp6455,BEL
RxS,https://www.twitch.tv/rxsowo,https://www.youtube.com/@rxsOwO,USA
Ry Clarke,,,AUS
Ryan Amburgy,https://www.twitch.tv/rychessmaster1,https://www.youtube.com/@ryanamburgy2791,USA
Ryan Barbuto,,,AUS
Ryan Ritchie,,,USA
Sakurion,https://www.twitch.tv/Sakurion,,GER
SaltedSofa,https://www.twitch.tv/saltedsofa12,https://www.youtube.com/@saltedsofa122,CAN
Salva,https://www.twitch.tv/salva_003,,ESP
Sam Finch,https://twitch.tv/samfinch413,,USA
Sam Parry,,,USA
SamTS,https://www.twitch.tv/notsamts,,BEL
San (COL),,,COL
SantOS,,,COL
Sargin,https://www.twitch.tv/sargin_9722,,TUR
SassyFish,https://twitch.tv/sassyfish256,,USA
Saturnic,https://www.twitch.tv/saturnic,,ARG
Scamper9,https://www.twitch.tv/scamper9,https://www.youtube.com/@scamper933,GBR
Scha,https://www.twitch.tv/schaaa,,NOR
Schnecke,https://www.twitch.tv/tetrisschnecke,,GER
Schoolmaster,https://www.twitch.tv/theschoolmaster,https://www.youtube.com/@xtheschoolmasterx,USA
Schtoikle,https://www.twitch.tv/schtoikle,,USA
Scottobozo,https://www.twitch.tv/scottobozo,https://www.youtube.com/@ScottobozoRaC,USA
Sean Miller,,,USA
shakeqc,https://www.twitch.tv/shakeqc,,USA
Shannon Shelton,,,AUS
Sharky,https://www.twitch.tv/itzsharky1,https://www.youtube.com/@ITZsharky1,USA
Shaunanigans,https://www.twitch.tv/shaunanigans88,,AUS
shqdwnight,https://www.twitch.tv/shqdwnight,https://www.youtube.com/@shqdwnight8820,USA
Shuichi,https://www.twitch.tv/shuichi29,https://www.youtube.com/@shuichi295,GER
Sidnev,https://www.twitch.tv/sidnevv,https://www.youtube.com/@Sidnev,NED
Sidney,https://www.twitch.tv/sidneysurfs99,https://www.youtube.com/@sidneysurfs8224,USA
Silky,,,USA
sillyshark,https://www.twitch.tv/fortissim2,https://www.youtube.com/@fortissim2,CAN
Sima,,,GER
Simon (CAN),,,CAN
Simur,,,AUT
Sinewave,,,GER
Sirepinski,,https://www.youtube.com/@sirepinski,USA
SirMaser,https://www.twitch.tv/sirmaser,https://www.youtube.com/@ClassicTetrisNetwork,NED
SixFour,https://www.twitch.tv/sixfour64,,GBR
sjn_,https://www.twitch.tv/idktetrisandstuff,https://www.youtube.com/@sjn6112,POL
Skalejandro,https://www.twitch.tv/skalejandro,,MEX
Skqqps,https://www.twitch.tv/Skqqps,,USA
smoljordan,https://www.twitch.tv/smoljordan,https://www.youtube.com/@SmolJordan,USA
Smooth,https://www.twitch.tv/smooth_motion,,USA
snowgolfgal,https://www.twitch.tv/snowgolfgal,https://www.youtube.com/@tetrisgaltalk,USA
Snowy,,,USA
Snowytetris,https://www.twitch.tv/snowytetris,,JPN
Sodium,https://www.twitch.tv/sodiumoverdose,https://www.youtube.com/@SodiumOverdose,USA
Solomon (CAN),,,CAN
Somalian,https://www.twitch.tv/lecaptainrrr,https://www.youtube.com/@somaliancaptain513,USA
Speedself,https://www.twitch.tv/speedself,https://www.youtube.com/Speedself,FRA
SQR,https://www.twitch.tv/sqr_y3,https://www.youtube.com/@SQR_Y3,JPN
square_wave,https://www.twitch.tv/square_wave,,USA
Stacy Schierholz,,,USA
staneslow,https://www.twitch.tv/staneslow,,USA
steelce,https://www.twitch.tv/steelce__,,USA
Steffi,,,COL
Steve DeLuca,https://www.twitch.tv/totalradnes,,USA
Steve1771,https://www.twitch.tv/nesteve1771,,USA
Steven598,https://www.twitch.tv/steven598,,CRC
stick_ang,https://www.twitch.tv/stick_ang,,MAS
Storm957,https://www.twitch.tv/storm957,https://www.youtube.com/@Storm957,USA
Sudertum,https://www.twitch.tv/sudertum,,GER
Summerburst,https://www.twitch.tv/summerburst,https://www.youtube.com/@Summerburst_,USA
sundeco,https://www.twitch.tv/sundeco,,USA
SunnyD,https://twitch.tv/sunnydispsition,https://www.youtube.com/@Chobged,GBR
Sunx2D,https://www.twitch.tv/sunx2d,https://www.youtube.com/@sunx2d,CHI
SuperShocky,https://www.twitch.tv/super_shocky,https://www.youtube.com/@Supershocky,USA
SV,https://www.twitch.tv/svnestris,https://www.youtube.com/@svnestris5495,GBR
Svavar,https://www.twitch.tv/sneikarmokko,https://www.youtube.com/@SvavarGunnar,ISL
SweatyMc,,,USA
Swidr,https://www.twitch.tv/SwidrSPD,https://www.youtube.com/@swidr5626,POL
Szymen,https://www.twitch.tv/SzymenL0K0,https://www.youtube.com/@szymenl0k0archives,POL
Talvot,https://www.twitch.tv/talvot142,,USA
Tamarindo,https://www.twitch.tv/hombretamarindo,https://www.youtube.com/@hombretamarindo3694,MEX
Tamatomo,https://www.twitch.tv/tamatomo,https://www.youtube.com/@tamatomogary,MAS
Tang Song Jie,,,ROC
Tapir1729,https://www.twitch.tv/likable_outlier,,USA
Tara Smith,,,AUS
TBPirata,https://www.twitch.tv/TBPirata,,COL
Tbricks,https://www.twitch.tv/tbricks,,ESP
TCY (SGP),https://www.twitch.tv/tcy069,,SGP
TeaInRain,https://www.twitch.tv/teainrain,,GER
Tebanoku,https://www.twitch.tv/tebanoku,,CHI
TegaMech,https://www.twitch.tv/tegamech,https://www.youtube.com/@DrMegaGaming,SWE
Temphuibis,https://www.twitch.tv/temphuibis,,GBR
Terry Purcell,https://www.twitch.tv/wasmachstdugern,https://www.youtube.com/user/wasmachstdugern1 ,USA
Tetrasaurus,https://www.twitch.tv/tetrasaurus,https://www.youtube.com/@Tetrasaurus_,GBR
TetrisRanger,https://www.twitch.tv/tetrisranger_,,USA
TetrisTime,https://www.twitch.tv/tetristime_,https://www.youtube.com/@tetristime9691,USA
That70sDrip,https://www.twitch.tv/that70sdrip,https://www.youtube.com/@That70sDrip,USA
theDengler,https://www.twitch.tv/thedengler_,https://www.youtube.com/@noahdengler9269,USA
theguardianPM,https://www.twitch.tv/theguardianPM,,USA
Thelonious,,,MEX
TheMetalBeast,https://www.twitch.tv/themetalbeast,https://www.youtube.com/@missiondestroy2531,USA
TheMisterValor,https://www.twitch.tv/themistervalor,https://www.youtube.com/@themistervalor9197,USA
ThisInThat,https://www.twitch.tv/thisinthat,,USA
ThreesTwos,https://www.twitch.tv/threestwoschess,,GBR
Tiffany (HKG),,,HKG
Tigerclone,https://www.twitch.tv/sarahskylines,https://www.youtube.com/@starberrysarah,USA
Tim Wong,https://www.twitch.tv/glaslerxpior,,SGP
timothykk,https://www.twitch.tv/timmykim915_,https://www.youtube.com/@tkk.24,KOR
Ting (HKG),,,HKG
TNISaint,https://www.twitch.tv/tnisaint,,USA
Toast,https://www.twitch.tv/gbtoast,,USA
TobeGH3,https://www.twitch.tv/tobegh3,https://www.youtube.com/@TobeGH3,GER
Todd Bates,,,AUS
Toka,https://www.twitch.tv/Tokapietris,,VIE
Tolstoj,https://www.twitch.tv/tolstoj,,SUI
Tom (Hartford),,,USA
Tom Gillard,,,AUS
TommyNTG,https://www.twitch.tv/tommyntg,https://www.youtube.com/@Tommy_NTG,USA
Toni,https://www.twitch.tv/toni_on_twitch,https://www.youtube.com/@tetoni,SUI
Torzsa,https://www.twitch.tv/torzsa,,THA
Tourist106,https://www.twitch.tv/Tourist106,,GER
Tractie,https://www.twitch.tv/tractieva,,GER
trapzone,https://www.twitch.tv/trapzone707,https://www.youtube.com/@trapzone707,USA
Trashman,https://www.twitch.tv/trashmanoftetris,,USA
Treepriest,,,USA
Trey Harrison,https://www.twitch.tv/treylorswift,https://www.youtube.com/@t2048,USA
triskai,https://www.twitch.tv/triskai_skye,https://www.youtube.com/@triskai,USA
Tristan (SGP),,,SGP
tristancakepaf,https://www.twitch.tv/vincentiustris,https://www.youtube.com/@tristanchandra4741,INA
Tristop,https://www.twitch.tv/tristop,https://www.youtube.com/@tristop8602,USA
True Enigma,https://www.twitch.tv/true_enigma,,BRA
TStorm,https://www.twitch.tv/tstorm281,,USA
Tsuki,https://www.twitch.tv/love_the_moon,,JPN
TT Playa,https://www.twitch.tv/tt_playa02,https://www.youtube.com/@Terry-iy2zd,CAN
Tugi,https://www.twitch.tv/tugi1220,https://www.youtube.com/@tuginwho,AUT
Turo,,,COL
Turtle,,,GBR
Tytris,https://www.twitch.tv/tytris,https://www.youtube.com/@tytris,USA
Ulforce,https://www.twitch.tv/ulf0rce,,ARG
usernamegold,https://www.twitch.tv/usernamegold1,,MKD
VachetBeasty,https://www.twitch.tv/vachetBeasty,,ESP
Valentina,,,COL
Vance,https://www.twitch.tv/vance267,,USA
vandweller,https://www.twitch.tv/vandweller,https://www.youtube.com/@vandypants,USA
VickyLotta,,,GER
Victor Severo,,,BRA
Viktor (HKG),,,HKG
Vince,https://www.twitch.tv/classicvomce,https://www.youtube.com/@vinceclemente,USA
Vlad,https://www.twitch.tv/vlad_maksimum,,RUS
Vougz,,,USA
WallBant,https://www.twitch.tv/wallbant,https://www.youtube.com/@wallbant928,CAN
Wang KYW,https://www.twitch.tv/mdkyw,https://www.youtube.com/@spragetwang6317,ROC
wdsubia,https://www.twitch.tv/wdsubia,,USA
Weegloogi,https://www.twitch.tv/Weegloogi,,NED
Weisbrot,https://www.twitch.tv/weisbr0t,,GER
Weston,https://www.twitch.tv/westongamingtetris,https://www.youtube.com/watch?v=PTs7s_pAk78,USA
WhiteMonster0,https://www.twitch.tv/whitemonster0,https://www.youtube.com/@whitemonster9141,POL
wide,https://www.twitch.tv/w___i___d___e,https://www.youtube.com/@samuelteece6599,NZL
William Tringas,,,AUS
Wilson,https://www.twitch.tv/sevenpagewilson,,GBR
winterra,https://www.twitch.tv/winterrakitty,https://www.youtube.com/@winterrakitty,USA
WMD_88,https://www.twitch.tv/wmd_88,,USA
Wobert,https://www.twitch.tv/just_wobert,,GBR
WorldoBlocks,https://www.twitch.tv/worldoblocks,https://www.youtube.com/@worldoblocks3265,CAN
Wtrmln Cowboy,,,USA
Wu Yun Lin,,,ROC
Wu Ze Xi,,,ROC
Wylie,https://www.twitch.tv/wyliecanttwitch,https://www.youtube.com/@WylieCantGame,AUS
XaeL,https://www.twitch.tv/xeal337,https://www.youtube.com/@Xealous,AUS
Xenophilius,https://www.twitch.tv/xenophilius,https://www.youtube.com/@Xenophilius,USA
Xeopold,https://www.twitch.tv/xeopold,,GER
Xile,https://www.twitch.tv/xile_eldur,,ISL
Yamacia,https://www.twitch.tv/yamacia,https://www.youtube.com/@yamacia,FRA
Yamir,https://www.twitch.tv/yamircb,,PUR
Yasmina,,,BEL
YeehawMc,https://www.twitch.tv/yeehawmck,,USA
Yelena,https://www.twitch.tv/yelenas33,,ESP
Ying Zhong,,,AUS
Yobi,https://www.twitch.tv/yobi9,https://www.youtube.com/c/Timoth%C3%A9eGroleau,SGP
Yoshi Itoku,,,AUS
yurisalgadin,https://www.twitch.tv/yurisalgadin,,BRA
Yusif,https://www.twitch.tv/yusifhuseynzadeh,https://www.youtube.com/@YusifTetris,AZE
zach_w_wings,https://www.twitch.tv/z_wing_,,USA
zachattack,https://www.twitch.tv/thezachattackg,,AUS
Zack (ARG),https://www.twitch.tv/nutetris,,ARG
Zavier,https://www.twitch.tv/zavier7763,,SGP
zempro,https://www.twitch.tv/notzempro,https://www.youtube.com/@Zempro,USA
Zerbaib,https://www.twitch.tv/Zerbaib,,FRA
Zhou Yi Fu,,,ROC
Zipdang04,https://www.twitch.tv/zipdang04,,VIE
Zrobot,https://www.twitch.tv/zro_bot,https://www.youtube.com/@ZrOBot-1,USA
Zulu,,,FRA
Zwan,,,GER
Junior,https://www.twitch.tv/jrgagne99,,USA
dansushi,https://www.twitch.tv/dansushi,https://www.youtube.com/@dansushi,USA
Andrew L,,,USA
Andrew N,,,USA
SpiritVet,https://www.twitch.tv/spirit_vet,,USA
Supermines,https://www.twitch.tv/supamines,,USA
Stevo,https://www.twitch.tv/FBI_STEVO,,USA
skailord,https://www.twitch.tv/skailord,,USA
Infamous,,,USA
Mingo,https://www.twitch.tv/p1xode,,USA
Sebastian,,,USA
Kvodeth,https://www.twitch.tv/kvodeth,,SGP
Angrycoler,https://www.twitch.tv/angrycoler,,ESP
Antonio,,,ESP
Pumis,https://www.twitch.tv/Pumis1,https://www.youtube.com/@Max-lm3tp,SWE
Zicofurus,https://www.twitch.tv/zicofurus,,SWE
Blackberg,https://www.twitch.tv/blackberg,,SWE
Tillbaks,https://www.twitch.tv/tillbaks,,SWE
GuppyDMG,https://www.twitch.tv/guppy_dmg,,SWE
Nick (Desert),,,USA
Tarzan,https://www.twitch.tv/xxtarzanxx04,,USA
AKGMB,https://www.twitch.tv/AKGrandmasterB,,USA
Christian,https://www.twitch.tv/lilsquibbles,,USA
Richard D,,,USA
Mira,https://www.twitch.tv/miraplaystetris,,USA
Fireworks,https://www.twitch.tv/itsfireworks,,USA
VTequiaOgo,,,COL
Alfalfa,,,COL
Undertaker,,,COL
Ray (COL),,,COL
Enrique Cy,https://www.twitch.tv/Enrique_cy,,MEX
Fulter,https://www.twitch.tv/Fulter092,,MEX
Martin (UK),,,GBR
Bug_3099,https://www.twitch.tv/Bug_3099,https://www.youtube.com/@Bug_309,GBR
Bard,,,GBR
Kirb,,,GBR
Uncle Mike,https://www.twitch.tv/infotechfellow,https://www.youtube.com/@infotechfellow,USA
Jordan B,,,USA
LPieceLucas,https://www.twitch.tv/lpiecelucas,,GBR
Willo,https://www.twitch.tv/willo1188,,GBR
Archie Nash,https://www.twitch.tv/archnash,,GBR
SnowLilyx,https://www.twitch.tv/SnowLilyx28,,GBR
TweakBacon,https://www.twitch.tv/tweak_beacon,https://www.youtube.com/@tweakbeacon5170,USA
Wolflord,https://www.twitch.tv/Wolflord2005,,CAN
Williashatner,,,CAN
Snailien,https://www.twitch.tv/snailien55,,CAN
SirKingV,https://www.twitch.tv/kingleaf_tv,,CAN
Eaglenight,https://www.twitch.tv/eaglenight,,FRA
Shaf,,,FRA
QuatreTiers,https://www.twitch.tv/QuatreTiers,,FRA
Crespo,,,ESP
ThatGuyWB,https://www.twitch.tv/thatguywearingblue,,FRA
Jacob,https://www.twitch.tv/homejacob,,GER
ElleryStacks,https://www.twitch.tv/ellerystacks,,USA
Bernimel,https://www.twitch.tv/bernimel,,ESP
Severin,https://www.twitch.tv/koeck88,,GER
Odrachess,https://www.twitch.tv/odrachess,,ITA
Manta7,https://www.twitch.tv/manter7,,AUT
Gresiu,https://www.twitch.tv/gresiu,,POL
BlakeGong,https://www.twitch.tv/blakegong,,SGP
Andrey (BRA),https://www.twitch.tv/andreycclef94,,BRA
Nifty,https://www.twitch.tv/nifty,,USA
Tanakiro,https://www.twitch.tv/Tanakiro,,USA
Procyon,https://www.twitch.tv/Procyon,,USA
Luckeyeth,https://www.twitch.tv/das_kapita1,,USA
Javantea,https://www.twitch.tv/javantea,https://www.youtube.com/@Javantea,USA
ETFruitNinja,https://www.twitch.tv/ETFruitNinja,,USA
danzorz,,,USA
BortSampson,,,USA
exheaux,https://www.twitch.tv/echeaux,,USA
CoreAlign,https://www.twitch.tv/corealign,,USA
C00bMaster,https://www.twitch.tv/C00bMaster,https://www.youtube.com/@c00bmaster,GBR
Alex (GBR),,,GBR
Leighton,,,GBR
ElValle24,https://www.twitch.tv/elvalle24,,ESP
Tobi,,,AUT
Hyakutaro,,,ITA
Muffyio,https://www.twitch.tv/Muffyio,https://www.youtube.com/muffyio,CAN
Psylaris,https://www.twitch.tv/psylaris,,CAN
Sen,,,CAN
Sith Evan,,,USA
Sage (Midwest),,,USA
RambleonIan,https://www.twitch.tv/rambleonian,https://www.youtube.com/@RambleOnIan,USA
Trosh,,,FRA
Maman,,,FRA
Axodo,,,FRA
Larry51,,,FRA
Piernov,,,FRA
Sandro,https://www.twitch.tv/sandro_vs_the_world,,FRA
Qlex,https://www.twitch.tv/qlexplore,,FRA
K1sielek,,,POL
Piernik,,,POL
Cardek,https://www.twitch.tv/cardek87,,POL
Kalamarnic,,,POL
Szczur,,,POL
Jojo,https://www.twitch.tv/jxxojo,,USA
Sam Z,,,USA
pinescutely,https://www.twitch.tv/pinescutely,https://www.youtube.com/@pinescutely,USA
Oop,,,USA
Rafael,,,AUT
Rommie,,,HUN
Sleepy.winter,,,GER
