year,round,match_id,game_id,game,player,won,playstyle,final_score,total_lines,no_mullen_score,no_mullen_lines,score_lvl_19_transition,lines_lvl_19_transition,score_lvl_29_transition,lines_lvl_29_transition,score_lvl_39_transition,lines_lvl_39_transition,topout_type,start_level,line_cap,same_piece_sets_active,post,post_post,game_link,twitch,youtube,country_code,country_name
2010,Finals,1,1,1,Jonas,Yes,DAS,530034,195,339042,135,522034,190,NULL,NULL,NULL,NULL,Natural,9,NULL,No,NULL,NULL,https://youtu.be/ZL4eRDOOP1I?t=24,https://www.twitch.tv/nubbinsgoody,https://www.youtube.com/@JonasTeh81,USA,"United States"
2010,Finals,1,2,1,"Harry Hong",No,DAS,302118,133,NULL,NULL,NULL,NULL,NULL,NULL,NULL,NULL,Natural,9,NULL,No,NULL,NULL,https://youtu.be/ZL4eRDOOP1I?t=24,https://www.twitch.tv/supasayajin,https://www.youtube.com/@SuPaSaYaJiN,USA,"United States"
2010,Finals,1,3,2,Jonas,Yes,DAS,544534,245,542531,243,443999,192,NULL,NULL,NULL,NULL,Intentional,9,NULL,No,NULL,NULL,https://youtu.be/ZL4eRDOOP1I?t=595,https://www.twitch.tv/nubbinsgoody,https://www.youtube.com/@JonasTeh81,USA,"United States"
2010,Finals,1,4,2,"Harry Hong",No,DAS,517590,227,NULL,NULL,483111,191,NULL,NULL,NULL,NULL,Natural,9,NULL,No,NULL,NULL,https://youtu.be/ZL4eRDOOP1I?t=595,https://www.twitch.tv/supasayajin,https://www.youtube.com/@SuPaSaYaJiN,USA,"United States"
2011,"Top 8",2,5,1,Jonas,Yes,DAS,164153,55,164153,55,NULL,NULL,NULL,NULL,NULL,NULL,Intentional,18,NULL,No,NULL,NULL,https://youtu.be/8sorxlk7QLs?t=14,https://www.twitch.tv/nubbinsgoody,https://www.youtube.com/@JonasTeh81,USA,"United States"
2011,"Top 8",2,6,1,"Eli Markstrom",No,DAS,117378,43,NULL,NULL,NULL,NULL,NULL,NULL,NULL,NULL,Natural,18,NULL,No,NULL,NULL,https://youtu.be/8sorxlk7QLs?t=14,https://www.twitch.tv/elijahn5,https://www.youtube.com/@elijahn5,USA,"United States"
2011,"Top 8",2,7,2,Jonas,Yes,DAS,472503,136,472503,136,468503,132,NULL,NULL,NULL,NULL,Intentional,18,NULL,No,4000,NULL,https://youtu.be/8sorxlk7QLs?t=196,https://www.twitch.tv/nubbinsgoody,https://www.youtube.com/@JonasTeh81,USA,"United States"
2011,"Top 8",2,8,2,"Eli Markstrom",No,DAS,350279,126,NULL,NULL,NULL,NULL,NULL,NULL,NULL,NULL,Natural,18,NULL,No,NULL,NULL,https://youtu.be/8sorxlk7QLs?t=196,https://www.twitch.tv/elijahn5,https://www.youtube.com/@elijahn5,USA,"United States"
2011,"Top 8",3,9,1,"Robin Mihara",Yes,DAS,43961,21,43961,21,NULL,NULL,NULL,NULL,NULL,NULL,Intentional,18,NULL,No,NULL,NULL,https://youtu.be/jeelo1C0Y68?t=113,https://www.twitch.tv/tetrismattress,https://www.youtube.com/@robinmihara2418,USA,"United States"
2011,"Top 8",3,10,1,"Ben Mullen",No,DAS,30157,13,NULL,NULL,NULL,NULL,NULL,NULL,NULL,NULL,Natural,18,NULL,No,NULL,NULL,https://youtu.be/jeelo1C0Y68?t=113,https://www.twitch.tv/benmullen297,https://www.youtube.com/@benmullen295,USA,"United States"
2011,"Top 8",3,11,2,"Robin Mihara",Yes,DAS,431414,160,431414,160,381990,130,NULL,NULL,NULL,NULL,Natural,18,NULL,No,49424,NULL,https://youtu.be/jeelo1C0Y68?t=196,https://www.twitch.tv/tetrismattress,https://www.youtube.com/@robinmihara2418,USA,"United States"
2011,"Top 8",3,12,2,"Ben Mullen",No,DAS,430900,186,NULL,NULL,367357,130,NULL,NULL,NULL,NULL,Natural,18,NULL,No,63543,NULL,https://youtu.be/jeelo1C0Y68?t=196,https://www.twitch.tv/benmullen297,https://www.youtube.com/@benmullen295,USA,"United States"
2011,"Top 8",4,13,1,"Harry Hong",Yes,DAS,79661,40,79661,40,NULL,NULL,NULL,NULL,NULL,NULL,Intentional,18,NULL,No,NULL,NULL,https://youtu.be/lO4PhwLyg-c?t=157,https://www.twitch.tv/supasayajin,https://www.youtube.com/@SuPaSaYaJiN,USA,"United States"
2011,"Top 8",4,14,1,Buco,No,DAS,72643,17,NULL,NULL,NULL,NULL,NULL,NULL,NULL,NULL,Natural,18,NULL,No,NULL,NULL,https://youtu.be/lO4PhwLyg-c?t=157,https://www.twitch.tv/mobuco,https://www.youtube.com/@mabu100,USA,"United States"
2011,"Top 8",4,15,2,"Harry Hong",Yes,DAS,192390,111,192390,111,NULL,NULL,NULL,NULL,NULL,NULL,Intentional,18,NULL,No,NULL,NULL,https://youtu.be/lO4PhwLyg-c?t=281,https://www.twitch.tv/supasayajin,https://www.youtube.com/@SuPaSaYaJiN,USA,"United States"
2011,"Top 8",4,16,2,Buco,No,DAS,190470,61,NULL,NULL,NULL,NULL,NULL,NULL,NULL,NULL,Natural,18,NULL,No,NULL,NULL,https://youtu.be/lO4PhwLyg-c?t=281,https://www.twitch.tv/mobuco,https://www.youtube.com/@mabu100,USA,"United States"
2011,"Top 8",5,17,1,"Dana Wilcox",No,DAS,440411,139,NULL,NULL,433611,132,NULL,NULL,NULL,NULL,Natural,18,NULL,No,6800,NULL,https://youtu.be/Vw607VRrUd4?t=194,NULL,https://www.youtube.com/@danawilcox1811,USA,"United States"
2011,"Top 8",5,18,1,"Alex Kerr",Yes,DAS,469045,141,469045,141,440151,131,NULL,NULL,NULL,NULL,Intentional,18,NULL,No,28894,NULL,https://youtu.be/Vw607VRrUd4?t=194,https://www.twitch.tv/kitaru,https://www.youtube.com/@KitaruTC,USA,"United States"
2011,"Top 8",5,19,2,"Dana Wilcox",Yes,DAS,71609,16,71609,16,NULL,NULL,NULL,NULL,NULL,NULL,Intentional,18,NULL,No,NULL,NULL,https://youtu.be/Vw607VRrUd4?t=586,NULL,https://www.youtube.com/@danawilcox1811,USA,"United States"
2011,"Top 8",5,20,2,"Alex Kerr",No,DAS,24845,6,NULL,NULL,NULL,NULL,NULL,NULL,NULL,NULL,Natural,18,NULL,No,NULL,NULL,https://youtu.be/Vw607VRrUd4?t=586,https://www.twitch.tv/kitaru,https://www.youtube.com/@KitaruTC,USA,"United States"
2011,"Top 8",5,21,3,"Dana Wilcox",No,DAS,27572,9,NULL,NULL,NULL,NULL,NULL,NULL,NULL,NULL,Natural,18,NULL,No,NULL,NULL,https://youtu.be/Vw607VRrUd4?t=657,NULL,https://www.youtube.com/@danawilcox1811,USA,"United States"
2011,"Top 8",5,22,3,"Alex Kerr",Yes,DAS,47296,10,47296,10,NULL,NULL,NULL,NULL,NULL,NULL,Natural,18,NULL,No,NULL,NULL,https://youtu.be/Vw607VRrUd4?t=657,https://www.twitch.tv/kitaru,https://www.youtube.com/@KitaruTC,USA,"United States"
2011,Semis,6,23,1,Jonas,Yes,DAS,600271,184,600271,184,466051,130,NULL,NULL,NULL,NULL,Intentional,18,NULL,No,134220,NULL,https://youtu.be/feJ4lhgWg_E?t=157,https://www.twitch.tv/nubbinsgoody,https://www.youtube.com/@JonasTeh81,USA,"United States"
2011,Semis,6,24,1,"Robin Mihara",No,DAS,526663,188,NULL,NULL,389782,130,NULL,NULL,NULL,NULL,Natural,18,NULL,No,136881,NULL,https://youtu.be/feJ4lhgWg_E?t=157,https://www.twitch.tv/tetrismattress,https://www.youtube.com/@robinmihara2418,USA,"United States"
2011,Semis,6,25,2,Jonas,Yes,DAS,359426,133,359426,133,356626,130,NULL,NULL,NULL,NULL,Intentional,18,NULL,No,2800,NULL,https://youtu.be/feJ4lhgWg_E?t=632,https://www.twitch.tv/nubbinsgoody,https://www.youtube.com/@JonasTeh81,USA,"United States"
2011,Semis,6,26,2,"Robin Mihara",No,DAS,356285,115,NULL,NULL,NULL,NULL,NULL,NULL,NULL,NULL,Natural,18,NULL,No,NULL,NULL,https://youtu.be/feJ4lhgWg_E?t=632,https://www.twitch.tv/tetrismattress,https://www.youtube.com/@robinmihara2418,USA,"United States"
2011,Semis,7,27,1,"Harry Hong",No,DAS,372938,109,NULL,NULL,NULL,NULL,NULL,NULL,NULL,NULL,Natural,18,NULL,No,NULL,NULL,https://youtu.be/0TmCIdH3x00?t=203,https://www.twitch.tv/supasayajin,https://www.youtube.com/@SuPaSaYaJiN,USA,"United States"
2011,Semis,7,28,1,"Alex Kerr",Yes,DAS,373923,152,373923,152,354923,130,NULL,NULL,NULL,NULL,Intentional,18,NULL,No,19000,NULL,https://youtu.be/0TmCIdH3x00?t=203,https://www.twitch.tv/kitaru,https://www.youtube.com/@KitaruTC,USA,"United States"
2011,Semis,7,29,2,"Harry Hong",Yes,DAS,387710,142,387710,142,377094,130,NULL,NULL,NULL,NULL,Intentional,18,NULL,No,10616,NULL,https://youtu.be/0TmCIdH3x00?t=617,https://www.twitch.tv/supasayajin,https://www.youtube.com/@SuPaSaYaJiN,USA,"United States"
2011,Semis,7,30,2,"Alex Kerr",No,DAS,363752,117,NULL,NULL,NULL,NULL,NULL,NULL,NULL,NULL,Natural,18,NULL,No,NULL,NULL,https://youtu.be/0TmCIdH3x00?t=617,https://www.twitch.tv/kitaru,https://www.youtube.com/@KitaruTC,USA,"United States"
2011,Semis,7,31,3,"Harry Hong",No,DAS,416132,132,NULL,NULL,414132,130,NULL,NULL,NULL,NULL,Natural,18,NULL,No,2000,NULL,https://youtu.be/0TmCIdH3x00?t=963,https://www.twitch.tv/supasayajin,https://www.youtube.com/@SuPaSaYaJiN,USA,"United States"
2011,Semis,7,32,3,"Alex Kerr",Yes,DAS,417220,141,417220,141,407540,130,NULL,NULL,NULL,NULL,Intentional,18,NULL,No,9680,NULL,https://youtu.be/0TmCIdH3x00?t=963,https://www.twitch.tv/kitaru,https://www.youtube.com/@KitaruTC,USA,"United States"
2011,Finals,8,33,1,Jonas,Yes,DAS,586746,191,586746,191,446326,130,NULL,NULL,NULL,NULL,Intentional,18,NULL,No,140420,NULL,https://youtu.be/E0wAjofNk2c?t=110,https://www.twitch.tv/nubbinsgoody,https://www.youtube.com/@JonasTeh81,USA,"United States"
2011,Finals,8,34,1,"Alex Kerr",No,DAS,585575,176,NULL,NULL,468335,130,NULL,NULL,NULL,NULL,Natural,18,NULL,No,117240,NULL,https://youtu.be/E0wAjofNk2c?t=110,https://www.twitch.tv/kitaru,https://www.youtube.com/@KitaruTC,USA,"United States"
2011,Finals,8,35,2,Jonas,Yes,DAS,390180,103,390180,103,NULL,NULL,NULL,NULL,NULL,NULL,Intentional,18,NULL,No,NULL,NULL,https://youtu.be/E0wAjofNk2c?t=614,https://www.twitch.tv/nubbinsgoody,https://www.youtube.com/@JonasTeh81,USA,"United States"
2011,Finals,8,36,2,"Alex Kerr",No,DAS,242140,96,NULL,NULL,NULL,NULL,NULL,NULL,NULL,NULL,Natural,18,NULL,No,NULL,NULL,https://youtu.be/E0wAjofNk2c?t=614,https://www.twitch.tv/kitaru,https://www.youtube.com/@KitaruTC,USA,"United States"
2012,"Top 8",9,37,1,"Eli Markstrom",Yes,DAS,635800,187,574795,178,445973,131,NULL,NULL,NULL,NULL,Intentional,18,NULL,No,189827,NULL,https://youtu.be/lxtQmNvhCEw?t=14,https://www.twitch.tv/elijahn5,https://www.youtube.com/@elijahn5,USA,"United States"
2012,"Top 8",9,38,1,"Josh Tolles",No,DAS,399703,145,NULL,NULL,387463,130,NULL,NULL,NULL,NULL,Natural,18,NULL,No,12240,NULL,https://youtu.be/lxtQmNvhCEw?t=14,https://www.twitch.tv/joshualtolles,https://www.youtube.com/@bigstupidsuck,USA,"United States"
2012,"Top 8",9,39,2,"Eli Markstrom",Yes,DAS,661525,251,661525,251,433862,151,660325,250,NULL,NULL,Natural,13,NULL,No,NULL,NULL,https://youtu.be/lxtQmNvhCEw?t=482,https://www.twitch.tv/elijahn5,https://www.youtube.com/@elijahn5,USA,"United States"
2012,"Top 8",9,40,2,"Josh Tolles",No,DAS,559206,239,NULL,NULL,354706,150,NULL,NULL,NULL,NULL,Natural,13,NULL,No,NULL,NULL,https://youtu.be/lxtQmNvhCEw?t=482,https://www.twitch.tv/joshualtolles,https://www.youtube.com/@bigstupidsuck,USA,"United States"
2012,"Top 8",10,41,1,Jonas,Yes,DAS,545753,167,257651,75,498733,130,NULL,NULL,NULL,NULL,Intentional,18,NULL,No,47020,NULL,https://youtu.be/lxtQmNvhCEw?t=14,https://www.twitch.tv/nubbinsgoody,https://www.youtube.com/@JonasTeh81,USA,"United States"
2012,"Top 8",10,42,1,Quaid,No,DAS,177871,69,NULL,NULL,NULL,NULL,NULL,NULL,NULL,NULL,Natural,18,NULL,No,NULL,NULL,https://youtu.be/lxtQmNvhCEw?t=14,https://www.twitch.tv/bigdaddyquaid,https://www.youtube.com/@I_am_QUAID,USA,"United States"
2012,"Top 8",10,43,2,Jonas,Yes,DAS,487493,214,471933,201,463053,191,NULL,NULL,NULL,NULL,Aggressive,9,NULL,No,NULL,NULL,https://youtu.be/lxtQmNvhCEw?t=482,https://www.twitch.tv/nubbinsgoody,https://www.youtube.com/@JonasTeh81,USA,"United States"
2012,"Top 8",10,44,2,Quaid,No,DAS,426333,248,NULL,NULL,339052,190,NULL,NULL,NULL,NULL,Natural,9,NULL,No,NULL,NULL,https://youtu.be/lxtQmNvhCEw?t=482,https://www.twitch.tv/bigdaddyquaid,https://www.youtube.com/@I_am_QUAID,USA,"United States"
2012,"Top 8",11,45,1,"Harry Hong",No,DAS,574673,227,NULL,NULL,351562,130,NULL,NULL,NULL,NULL,Natural,18,NULL,No,223111,NULL,https://youtu.be/a6OvbKxVmn8?t=15,https://www.twitch.tv/supasayajin,https://www.youtube.com/@SuPaSaYaJiN,USA,"United States"
2012,"Top 8",11,46,1,"Alex Kerr",Yes,DAS,587579,226,574819,220,391979,131,NULL,NULL,NULL,NULL,Intentional,18,NULL,No,195600,NULL,https://youtu.be/a6OvbKxVmn8?t=15,https://www.twitch.tv/kitaru,https://www.youtube.com/@KitaruTC,USA,"United States"
2012,"Top 8",11,47,2,"Harry Hong",Yes,DAS,455805,245,453800,243,395212,190,NULL,NULL,NULL,NULL,Intentional,9,NULL,No,NULL,NULL,https://youtu.be/a6OvbKxVmn8?t=595,https://www.twitch.tv/supasayajin,https://www.youtube.com/@SuPaSaYaJiN,USA,"United States"
2012,"Top 8",11,48,2,"Alex Kerr",No,DAS,453080,199,NULL,NULL,424680,190,NULL,NULL,NULL,NULL,Natural,9,NULL,No,NULL,NULL,https://youtu.be/a6OvbKxVmn8?t=595,https://www.twitch.tv/kitaru,https://www.youtube.com/@KitaruTC,USA,"United States"
2012,"Top 8",11,49,3,"Harry Hong",No,DAS,560983,186,NULL,NULL,453659,131,NULL,NULL,NULL,NULL,Natural,18,NULL,No,107324,NULL,https://youtu.be/a6OvbKxVmn8?t=1263,https://www.twitch.tv/supasayajin,https://www.youtube.com/@SuPaSaYaJiN,USA,"United States"
2012,"Top 8",11,50,3,"Alex Kerr",Yes,DAS,572106,199,572106,199,440866,130,NULL,NULL,NULL,NULL,Intentional,18,NULL,No,131240,NULL,https://youtu.be/a6OvbKxVmn8?t=1263,https://www.twitch.tv/kitaru,https://www.youtube.com/@KitaruTC,USA,"United States"
2012,"Top 8",12,51,1,"Bo Steil",No,DAS,147551,69,NULL,NULL,NULL,NULL,NULL,NULL,NULL,NULL,Natural,9,NULL,No,NULL,NULL,https://youtu.be/a6OvbKxVmn8?t=15,https://www.twitch.tv/boSTEIL,https://www.youtube.com/@cancerbullets,USA,"United States"
2012,"Top 8",12,52,1,"Mike Winzinek",Yes,DAS,161800,81,161800,81,NULL,NULL,NULL,NULL,NULL,NULL,Intentional,9,NULL,No,NULL,NULL,https://youtu.be/a6OvbKxVmn8?t=15,https://www.twitch.tv/mikewiz004,NULL,USA,"United States"
2012,"Top 8",12,53,2,"Bo Steil",No,DAS,46531,9,NULL,NULL,NULL,NULL,NULL,NULL,NULL,NULL,Natural,18,NULL,No,NULL,NULL,https://youtu.be/a6OvbKxVmn8?t=595,https://www.twitch.tv/boSTEIL,https://www.youtube.com/@cancerbullets,USA,"United States"
2012,"Top 8",12,54,2,"Mike Winzinek",Yes,DAS,76134,33,49761,25,NULL,NULL,NULL,NULL,NULL,NULL,Intentional,18,NULL,No,NULL,NULL,https://youtu.be/a6OvbKxVmn8?t=595,https://www.twitch.tv/mikewiz004,NULL,USA,"United States"
2012,Semis,13,55,1,Jonas,Yes,DAS,575460,194,94706,39,417499,133,NULL,NULL,NULL,NULL,Natural,18,NULL,No,157961,NULL,https://youtu.be/1m6eUyN7RMw?t=47,https://www.twitch.tv/nubbinsgoody,https://www.youtube.com/@JonasTeh81,USA,"United States"
2012,Semis,13,56,1,"Eli Markstrom",No,DAS,46169,32,NULL,NULL,NULL,NULL,NULL,NULL,NULL,NULL,Natural,18,NULL,No,NULL,NULL,https://youtu.be/1m6eUyN7RMw?t=47,https://www.twitch.tv/elijahn5,https://www.youtube.com/@elijahn5,USA,"United States"
2012,Semis,13,57,2,Jonas,No,DAS,526798,184,NULL,NULL,401138,133,NULL,NULL,NULL,NULL,Natural,18,NULL,No,125660,NULL,https://youtu.be/1m6eUyN7RMw?t=675,https://www.twitch.tv/nubbinsgoody,https://www.youtube.com/@JonasTeh81,USA,"United States"
2012,Semis,13,58,2,"Eli Markstrom",Yes,DAS,529387,220,527107,218,272044,130,NULL,NULL,NULL,NULL,Intentional,18,NULL,No,257343,NULL,https://youtu.be/1m6eUyN7RMw?t=675,https://www.twitch.tv/elijahn5,https://www.youtube.com/@elijahn5,USA,"United States"
2012,Semis,13,59,3,Jonas,Yes,DAS,473674,150,447274,146,426754,131,NULL,NULL,NULL,NULL,Intentional,18,NULL,No,46920,NULL,https://youtu.be/1m6eUyN7RMw?t=1219,https://www.twitch.tv/nubbinsgoody,https://www.youtube.com/@JonasTeh81,USA,"United States"
2012,Semis,13,60,3,"Eli Markstrom",No,DAS,411214,148,NULL,NULL,396031,131,NULL,NULL,NULL,NULL,Natural,18,NULL,No,15183,NULL,https://youtu.be/1m6eUyN7RMw?t=1219,https://www.twitch.tv/elijahn5,https://www.youtube.com/@elijahn5,USA,"United States"
2012,Semis,14,61,1,"Mike Winzinek",Yes,DAS,402665,225,397570,220,366885,191,NULL,NULL,NULL,NULL,Intentional,9,NULL,No,NULL,NULL,https://youtu.be/1m6eUyN7RMw?t=47,https://www.twitch.tv/mikewiz004,NULL,USA,"United States"
2012,Semis,14,62,1,"Alex Kerr",No,DAS,396451,178,NULL,NULL,NULL,NULL,NULL,NULL,NULL,NULL,Natural,9,NULL,No,NULL,NULL,https://youtu.be/1m6eUyN7RMw?t=47,https://www.twitch.tv/kitaru,https://www.youtube.com/@KitaruTC,USA,"United States"
2012,Semis,14,63,2,"Mike Winzinek",Yes,DAS,120992,39,120992,39,NULL,NULL,NULL,NULL,NULL,NULL,Intentional,18,NULL,No,NULL,NULL,https://youtu.be/1m6eUyN7RMw?t=675,https://www.twitch.tv/mikewiz004,NULL,USA,"United States"
2012,Semis,14,64,2,"Alex Kerr",No,DAS,43394,24,NULL,NULL,NULL,NULL,NULL,NULL,NULL,NULL,Natural,18,NULL,No,NULL,NULL,https://youtu.be/1m6eUyN7RMw?t=675,https://www.twitch.tv/kitaru,https://www.youtube.com/@KitaruTC,USA,"United States"
2012,Finals,15,65,1,Jonas,Yes,DAS,103046,27,103046,27,NULL,NULL,NULL,NULL,NULL,NULL,Intentional,18,NULL,No,NULL,NULL,https://youtu.be/JLHLc-6pTbI?t=1,https://www.twitch.tv/nubbinsgoody,https://www.youtube.com/@JonasTeh81,USA,"United States"
2012,Finals,15,66,1,"Mike Winzinek",No,DAS,58046,22,NULL,NULL,NULL,NULL,NULL,NULL,NULL,NULL,Natural,18,NULL,No,NULL,NULL,https://youtu.be/JLHLc-6pTbI?t=1,https://www.twitch.tv/mikewiz004,NULL,USA,"United States"
2012,Finals,15,67,2,Jonas,Yes,DAS,654610,248,654610,248,515030,193,NULL,NULL,NULL,NULL,Intentional,9,NULL,No,NULL,NULL,https://youtu.be/JLHLc-6pTbI?t=117,https://www.twitch.tv/nubbinsgoody,https://www.youtube.com/@JonasTeh81,USA,"United States"
2012,Finals,15,68,2,"Mike Winzinek",No,DAS,557286,272,NULL,NULL,410267,192,NULL,NULL,NULL,NULL,Natural,9,NULL,No,NULL,NULL,https://youtu.be/JLHLc-6pTbI?t=117,https://www.twitch.tv/mikewiz004,NULL,USA,"United States"
2012,Finals,15,69,3,Jonas,Yes,DAS,327319,88,327319,88,NULL,NULL,NULL,NULL,NULL,NULL,Intentional,18,NULL,No,NULL,NULL,https://youtu.be/JLHLc-6pTbI?t=873,https://www.twitch.tv/nubbinsgoody,https://www.youtube.com/@JonasTeh81,USA,"United States"
2012,Finals,15,70,3,"Mike Winzinek",No,DAS,215214,86,NULL,NULL,NULL,NULL,NULL,NULL,NULL,NULL,Natural,18,NULL,No,NULL,NULL,https://youtu.be/JLHLc-6pTbI?t=873,https://www.twitch.tv/mikewiz004,NULL,USA,"United States"
2013,"Top 8",16,71,1,Jonas,Yes,DAS,593047,200,593047,200,439107,130,NULL,NULL,NULL,NULL,Intentional,18,NULL,No,153940,NULL,https://youtu.be/qXU2Jf9T7Yw?t=1,https://www.twitch.tv/nubbinsgoody,https://www.youtube.com/@JonasTeh81,USA,"United States"
2013,"Top 8",16,72,1,"Ben Mullen",No,DAS,560810,159,NULL,NULL,445650,130,NULL,NULL,NULL,NULL,Natural,18,NULL,No,115160,NULL,https://youtu.be/qXU2Jf9T7Yw?t=1,https://www.twitch.tv/benmullen297,https://www.youtube.com/@benmullen295,USA,"United States"
2013,"Top 8",16,73,2,Jonas,No,DAS,103773,27,NULL,NULL,NULL,NULL,NULL,NULL,NULL,NULL,Natural,18,NULL,No,NULL,NULL,https://youtu.be/qXU2Jf9T7Yw?t=592,https://www.twitch.tv/nubbinsgoody,https://www.youtube.com/@JonasTeh81,USA,"United States"
2013,"Top 8",16,74,2,"Ben Mullen",Yes,DAS,173328,40,173328,40,NULL,NULL,NULL,NULL,NULL,NULL,Intentional,18,NULL,No,NULL,NULL,https://youtu.be/qXU2Jf9T7Yw?t=592,https://www.twitch.tv/benmullen297,https://www.youtube.com/@benmullen295,USA,"United States"
2013,"Top 8",16,75,3,Jonas,Yes,DAS,512517,169,511597,168,449877,130,NULL,NULL,NULL,NULL,Intentional,18,NULL,No,62640,NULL,https://youtu.be/qXU2Jf9T7Yw?t=1211,https://www.twitch.tv/nubbinsgoody,https://www.youtube.com/@JonasTeh81,USA,"United States"
2013,"Top 8",16,76,3,"Ben Mullen",No,DAS,510129,169,NULL,NULL,401129,130,NULL,NULL,NULL,NULL,Natural,18,NULL,No,109000,NULL,https://youtu.be/qXU2Jf9T7Yw?t=1211,https://www.twitch.tv/benmullen297,https://www.youtube.com/@benmullen295,USA,"United States"
2013,"Top 8",17,77,1,Chad,Yes,DAS,169498,56,169498,56,NULL,NULL,NULL,NULL,NULL,NULL,Intentional,18,NULL,No,NULL,NULL,https://youtu.be/Ab4kEmKIx3w?t=4,NULL,NULL,USA,"United States"
2013,"Top 8",17,78,1,"Josh Tolles",No,DAS,108963,52,NULL,NULL,NULL,NULL,NULL,NULL,NULL,NULL,Natural,18,NULL,No,NULL,NULL,https://youtu.be/Ab4kEmKIx3w?t=4,https://www.twitch.tv/joshualtolles,https://www.youtube.com/@bigstupidsuck,USA,"United States"
2013,"Top 8",17,79,2,Chad,No,DAS,328020,166,NULL,NULL,NULL,NULL,NULL,NULL,NULL,NULL,Natural,13,NULL,No,NULL,NULL,https://youtu.be/Ab4kEmKIx3w?t=272,NULL,NULL,USA,"United States"
2013,"Top 8",17,80,2,"Josh Tolles",Yes,DAS,467074,201,467074,201,386460,150,NULL,NULL,NULL,NULL,Natural,13,NULL,No,NULL,NULL,https://youtu.be/Ab4kEmKIx3w?t=272,https://www.twitch.tv/joshualtolles,https://www.youtube.com/@bigstupidsuck,USA,"United States"
2013,"Top 8",17,81,3,Chad,Yes,DAS,442960,189,442960,189,338240,130,NULL,NULL,NULL,NULL,Intentional,18,NULL,No,104720,NULL,https://youtu.be/Ab4kEmKIx3w?t=995,NULL,NULL,USA,"United States"
2013,"Top 8",17,82,3,"Josh Tolles",No,DAS,423778,191,NULL,NULL,338058,130,NULL,NULL,NULL,NULL,Natural,18,NULL,No,85720,NULL,https://youtu.be/Ab4kEmKIx3w?t=995,https://www.twitch.tv/joshualtolles,https://www.youtube.com/@bigstupidsuck,USA,"United States"
2013,"Top 8",18,83,1,"Harry Hong",Yes,DAS,248387,91,248387,91,NULL,NULL,NULL,NULL,NULL,NULL,Intentional,18,NULL,No,NULL,NULL,https://youtu.be/Ab4kEmKIx3w?t=4,https://www.twitch.tv/supasayajin,https://www.youtube.com/@SuPaSaYaJiN,USA,"United States"
2013,"Top 8",18,84,1,"Jani Herlevi",No,DAS,202170,77,NULL,NULL,NULL,NULL,NULL,NULL,NULL,NULL,Natural,18,NULL,No,NULL,NULL,https://youtu.be/Ab4kEmKIx3w?t=4,https://www.twitch.tv/janutzska,https://www.youtube.com/@janutzska,FIN,Finland
2013,"Top 8",18,85,2,"Harry Hong",Yes,DAS,574866,241,574866,241,354106,150,NULL,NULL,NULL,NULL,Natural,13,NULL,No,NULL,NULL,https://youtu.be/Ab4kEmKIx3w?t=272,https://www.twitch.tv/supasayajin,https://www.youtube.com/@SuPaSaYaJiN,USA,"United States"
2013,"Top 8",18,86,2,"Jani Herlevi",No,DAS,559387,251,NULL,NULL,411527,150,558187,250,NULL,NULL,Natural,13,NULL,No,NULL,NULL,https://youtu.be/Ab4kEmKIx3w?t=272,https://www.twitch.tv/janutzska,https://www.youtube.com/@janutzska,FIN,Finland
2013,"Top 8",19,87,1,Buco,Yes,DAS,792471,232,781891,224,484931,132,791271,231,NULL,NULL,Natural,18,NULL,No,306340,1200,https://youtu.be/qXU2Jf9T7Yw?t=1,https://www.twitch.tv/mobuco,https://www.youtube.com/@mabu100,USA,"United States"
2013,"Top 8",19,88,1,"Trey Harrison",No,DAS,533340,198,NULL,NULL,383900,130,NULL,NULL,NULL,NULL,Natural,18,NULL,No,149440,NULL,https://youtu.be/qXU2Jf9T7Yw?t=1,https://www.twitch.tv/treylorswift,https://www.youtube.com/@t2048,USA,"United States"
2013,"Top 8",19,89,2,Buco,No,DAS,512406,162,NULL,NULL,462646,130,NULL,NULL,NULL,NULL,Natural,18,NULL,No,49760,NULL,https://youtu.be/qXU2Jf9T7Yw?t=592,https://www.twitch.tv/mobuco,https://www.youtube.com/@mabu100,USA,"United States"
2013,"Top 8",19,90,2,"Trey Harrison",Yes,DAS,515060,204,512900,202,425320,130,NULL,NULL,NULL,NULL,Intentional,18,NULL,No,89740,NULL,https://youtu.be/qXU2Jf9T7Yw?t=592,https://www.twitch.tv/treylorswift,https://www.youtube.com/@t2048,USA,"United States"
2013,"Top 8",19,91,3,Buco,Yes,DAS,520546,166,520546,166,444366,132,NULL,NULL,NULL,NULL,Natural,18,NULL,No,76180,NULL,https://youtu.be/qXU2Jf9T7Yw?t=1211,https://www.twitch.tv/mobuco,https://www.youtube.com/@mabu100,USA,"United States"
2013,"Top 8",19,92,3,"Trey Harrison",No,DAS,483120,162,NULL,NULL,449080,130,NULL,NULL,NULL,NULL,Natural,18,NULL,No,34040,NULL,https://youtu.be/qXU2Jf9T7Yw?t=1211,https://www.twitch.tv/treylorswift,https://www.youtube.com/@t2048,USA,"United States"
2013,Semis,20,93,1,Jonas,Yes,DAS,476306,214,473506,212,317966,130,NULL,NULL,NULL,NULL,Intentional,18,NULL,No,158340,NULL,https://youtu.be/BwcEG5YLxok?t=2,https://www.twitch.tv/nubbinsgoody,https://www.youtube.com/@JonasTeh81,USA,"United States"
2013,Semis,20,94,1,Chad,No,DAS,466760,144,NULL,NULL,455680,132,NULL,NULL,NULL,NULL,Natural,18,NULL,No,11080,NULL,https://youtu.be/BwcEG5YLxok?t=2,NULL,NULL,USA,"United States"
2013,Semis,20,95,2,Jonas,Yes,DAS,430851,156,430851,156,385651,131,NULL,NULL,NULL,NULL,Natural,18,NULL,No,45200,NULL,https://youtu.be/BwcEG5YLxok?t=552,https://www.twitch.tv/nubbinsgoody,https://www.youtube.com/@JonasTeh81,USA,"United States"
2013,Semis,20,96,2,Chad,No,DAS,394940,163,NULL,NULL,322300,133,NULL,NULL,NULL,NULL,Natural,18,NULL,No,72640,NULL,https://youtu.be/BwcEG5YLxok?t=552,NULL,NULL,USA,"United States"
2013,Semis,21,97,1,"Harry Hong",Yes,DAS,160744,48,160744,48,NULL,NULL,NULL,NULL,NULL,NULL,Intentional,18,NULL,No,NULL,NULL,https://youtu.be/BwcEG5YLxok?t=2,https://www.twitch.tv/supasayajin,https://www.youtube.com/@SuPaSaYaJiN,USA,"United States"
2013,Semis,21,98,1,Buco,No,DAS,86444,34,NULL,NULL,NULL,NULL,NULL,NULL,NULL,NULL,Natural,18,NULL,No,NULL,NULL,https://youtu.be/BwcEG5YLxok?t=2,https://www.twitch.tv/mobuco,https://www.youtube.com/@mabu100,USA,"United States"
2013,Semis,21,99,2,"Harry Hong",Yes,DAS,489702,182,489702,182,399182,131,NULL,NULL,NULL,NULL,Intentional,18,NULL,No,90520,NULL,https://youtu.be/BwcEG5YLxok?t=552,https://www.twitch.tv/supasayajin,https://www.youtube.com/@SuPaSaYaJiN,USA,"United States"
2013,Semis,21,100,2,Buco,No,DAS,434537,163,NULL,NULL,338497,130,NULL,NULL,NULL,NULL,Natural,18,NULL,No,96040,NULL,https://youtu.be/BwcEG5YLxok?t=552,https://www.twitch.tv/mobuco,https://www.youtube.com/@mabu100,USA,"United States"
