id,stream_id,user_id,user_login,user_name,title,description,created_at,published_at,url,thumbnail_url,viewable,view_count,language,type,duration,muted_segments
2730129007,318490941147,131454884,classictetris,ClassicTetris,MONDAY NIGHT MAYHEM | HOSTED BY OMENVOIR,,2026-03-23T23:01:55Z,2026-03-23T23:01:55Z,https://www.twitch.tv/videos/2730129007,https://static-cdn.jtvnw.net/cf_vods/d1m7jfoe9zdc1j/3457bfbecc7143ed60d3_classictetris_318490941147_1774306910//thumb/thumb0-%{width}x%{height}.jpg,public,890,en,archive,2h31m33s,
2727505425,316689921765,131454884,classictetris,ClassicTetris,FRIDAY NIGHT FIGHTS  VOL. 2 EPISODE 62 | CTWC TORONTO SPECIAL | HOSTED BY BIRBWIZARD,,2026-03-20T21:57:04Z,2026-03-20T21:57:04Z,https://www.twitch.tv/videos/2727505425,https://static-cdn.jtvnw.net/cf_vods/d3fi1amfgojobc/8686cdb8c347aa5d41e2_classictetris_316689921765_1774043816//thumb/thumb1-%{width}x%{height}.jpg,public,2011,en,archive,5h25m43s,
2722223193,318150256857,131454884,classictetris,ClassicTetris,CTWC PHOENIX 2026 REGIONAL DAY 2 | QUALIFYING & TOURNAMENT | !MATCHERINO !DONATE,,2026-03-14T16:28:53Z,2026-03-14T16:28:53Z,https://www.twitch.tv/videos/2722223193,https://static-cdn.jtvnw.net/cf_vods/d1m7jfoe9zdc1j/c90d9de7280f1181f7a0_classictetris_318150256857_1773505729//thumb/thumb1-%{width}x%{height}.jpg,public,4103,en,archive,9h16m25s,
2721571324,318199817050,131454884,classictetris,ClassicTetris,CTWC PHOENIX 2026 REGIONAL DAY 1 | SIDE EVENTS | !MATCHERINO !DONATE,,2026-03-13T21:50:42Z,2026-03-13T21:50:42Z,https://www.twitch.tv/videos/2721571324,https://static-cdn.jtvnw.net/cf_vods/d1m7jfoe9zdc1j/490e6f8a1b632119d221_classictetris_318199817050_1773438638//thumb/thumb0-%{width}x%{height}.jpg,public,1249,en,archive,3h9m29s,
2719900057,318166669658,131454884,classictetris,ClassicTetris,SQUARE UP VOL. 2 EPISODE 1 | HOSTED BY IANKEITH,,2026-03-11T21:56:02Z,2026-03-11T21:56:02Z,https://www.twitch.tv/videos/2719900057,https://static-cdn.jtvnw.net/cf_vods/d1m7jfoe9zdc1j/86fa60a59b5caef677d0_classictetris_318166669658_1773266138//thumb/thumb1-%{width}x%{height}.jpg,public,904,en,archive,3h33m26s,
2718267699,318068095833,131454884,classictetris,ClassicTetris,MONDAY NIGHT MAYHEM VOL. 2 EPISODE 71 | HOSTED BY COLIN,,2026-03-09T22:01:20Z,2026-03-09T22:01:20Z,https://www.twitch.tv/videos/2718267699,https://static-cdn.jtvnw.net/cf_vods/d1m7jfoe9zdc1j/8eeb492d9587e16b51e3_classictetris_318068095833_1773093675//thumb/thumb1-%{width}x%{height}.jpg,public,1414,en,archive,4h25m29s,
2715682655,318007540441,131454884,classictetris,ClassicTetris,FRIDAY NIGHT FIGHTS VOL. 2 EPISODE 61 | HOSTED BY KINGSMAN,,2026-03-06T23:40:21Z,2026-03-06T23:40:21Z,https://www.twitch.tv/videos/2715682655,https://static-cdn.jtvnw.net/cf_vods/d1m7jfoe9zdc1j/e4e23240dbe81093ddd9_classictetris_318007540441_1772840416//thumb/thumb1-%{width}x%{height}.jpg,public,1692,en,archive,4h1m54s,
2712331151,317508052316,131454884,classictetris,ClassicTetris,MONDAY NIGHT MAYHEM VOL. 2 EPISODE 70 | HOSTED BY OMENVOIR,,2026-03-03T01:03:40Z,2026-03-03T01:03:40Z,https://www.twitch.tv/videos/2712331151,https://static-cdn.jtvnw.net/cf_vods/d2vi6trrdongqn/5c66c198e3cb8db7914e_classictetris_317508052316_1772499815//thumb/thumb0-%{width}x%{height}.jpg,public,1609,en,archive,3h58m34s,
2710790062,,131454884,classictetris,ClassicTetris,2026 CTWC Austria Regional - Qualifying Session 5,,2026-03-01T06:43:19Z,2026-03-01T06:43:19Z,https://www.twitch.tv/videos/2710790062,https://static-cdn.jtvnw.net/cf_vods/d1m7jfoe9zdc1j/498d62fc851ac3db6f21_classictetris_50983975148_7923896674//thumb/thumb2710790062-%{width}x%{height}.jpg,public,13,en,highlight,1h11m0s,
2709946617,318075365595,131454884,classictetris,ClassicTetris,CTWC AUSTRIA 2026 REGIONAL DAY 2 | !MATCHERINO !BRACKET !QUAL !DONATE,,2026-02-28T11:27:40Z,2026-02-28T11:27:40Z,https://www.twitch.tv/videos/2709946617,https://static-cdn.jtvnw.net/cf_vods/d1m7jfoe9zdc1j/f70b840e880b10ead7e6_classictetris_318075365595_1772278055//thumb/thumb0-%{width}x%{height}.jpg,public,7153,en,archive,11h29m46s,
2709538340,,131454884,classictetris,ClassicTetris,2026 CTWC Austria Regional - Qualifying Session 4,,2026-02-28T00:13:27Z,2026-02-28T00:13:27Z,https://www.twitch.tv/videos/2709538340,https://static-cdn.jtvnw.net/cf_vods/d1m7jfoe9zdc1j/d49ffe93062819054028_classictetris_75595335706_3879414279//thumb/thumb2709538340-%{width}x%{height}.jpg,public,19,en,highlight,1h10m17s,
2709526960,,131454884,classictetris,ClassicTetris,2026 CTWC Austria Regional - Qualifying Session 3,,2026-02-28T00:00:58Z,2026-02-28T00:00:58Z,https://www.twitch.tv/videos/2709526960,https://static-cdn.jtvnw.net/cf_vods/d1m7jfoe9zdc1j/c7cbed0e569c2effd945_classictetris_40184729051_6944147185//thumb/thumb2709526960-%{width}x%{height}.jpg,public,3,en,highlight,1h9m0s,
2709520152,,131454884,classictetris,ClassicTetris,2026 CTWC Austria Regional - Qualifying Session 2,,2026-02-27T23:53:54Z,2026-02-27T23:53:54Z,https://www.twitch.tv/videos/2709520152,https://static-cdn.jtvnw.net/cf_vods/d1m7jfoe9zdc1j/4609b9ecd570e349f008_classictetris_42958754460_1674658821//thumb/thumb2709520152-%{width}x%{height}.jpg,public,2,en,highlight,1h10m24s,
2709516499,,131454884,classictetris,ClassicTetris,2026 CTWC Austria Regional - Qualifying Session 1,,2026-02-27T23:49:15Z,2026-02-27T23:49:15Z,https://www.twitch.tv/videos/2709516499,https://static-cdn.jtvnw.net/cf_vods/d1m7jfoe9zdc1j/8a8dae8df8df47dd0f0c_classictetris_60683248057_8525744353//thumb/thumb2709516499-%{width}x%{height}.jpg,public,2,en,highlight,49m0s,
2709495753,317873633113,131454884,classictetris,ClassicTetris,FRIDAY NIGHT FIGHTS VOL. 2 EPISODE 60 | FAVE FIVE 2026 REVEALS! HOSTED BY KINGSMAN,,2026-02-27T23:23:02Z,2026-02-27T23:23:02Z,https://www.twitch.tv/videos/2709495753,https://static-cdn.jtvnw.net/cf_vods/d1m7jfoe9zdc1j/4ed694b4e1f455db2818_classictetris_317873633113_1772234577//thumb/thumb0-%{width}x%{height}.jpg,public,1795,en,archive,3h48m30s,
2709073474,317866596313,131454884,classictetris,ClassicTetris,CTWC AUSTRIA 2026 REGIONAL DAY 1 | !MATCHERINO !BRACKET !QUAL !DONATE,,2026-02-27T14:30:37Z,2026-02-27T14:30:37Z,https://www.twitch.tv/videos/2709073474,https://static-cdn.jtvnw.net/cf_vods/d1m7jfoe9zdc1j/66a50e35dccab886207b_classictetris_317866596313_1772202632//thumb/thumb0-%{width}x%{height}.jpg,public,2513,en,archive,5h24m30s,
2704036263,317761271257,131454884,classictetris,ClassicTetris,TETRIS FRIENDLIES REVOLUTION 2026 NIGHT 2 | HOSTED BY KINGSMAN,,2026-02-21T19:50:51Z,2026-02-21T19:50:51Z,https://www.twitch.tv/videos/2704036263,https://static-cdn.jtvnw.net/cf_vods/d1m7jfoe9zdc1j/2dc7b3a1d49ab2077b09_classictetris_317761271257_1771703445//thumb/thumb0-%{width}x%{height}.jpg,public,3874,en,archive,5h7m19s,
2703382418,317746611545,131454884,classictetris,ClassicTetris,TETRIS FRIENDLIES REVOLUTION 2026 NIGHT 1 - PART 2 | HOSTED BY COLIN,,2026-02-21T01:51:34Z,2026-02-21T01:51:34Z,https://www.twitch.tv/videos/2703382418,https://static-cdn.jtvnw.net/cf_vods/d1m7jfoe9zdc1j/b4553e8ecbf53f3c1393_classictetris_317746611545_1771638689//thumb/thumb0-%{width}x%{height}.jpg,public,1770,en,archive,3h25m54s,
2703256233,317743568857,131454884,classictetris,ClassicTetris,TETRIS FRIENDLIES REVOLUTION 2026 NIGHT 1 - PART 1 | HOSTED BY COLIN,,2026-02-20T23:20:12Z,2026-02-20T23:20:12Z,https://www.twitch.tv/videos/2703256233,https://static-cdn.jtvnw.net/cf_vods/d1m7jfoe9zdc1j/e77d896c0e479e2e7ea5_classictetris_317743568857_1771629607//thumb/thumb1-%{width}x%{height}.jpg,public,1579,en,archive,2h31m15s,
2699760669,317667511129,131454884,classictetris,ClassicTetris,MONDAY NIGHT MAYHEM VOL. 2 EPISODE 69 | HOSTED BY COLIN,,2026-02-16T22:55:57Z,2026-02-16T22:55:57Z,https://www.twitch.tv/videos/2699760669,https://static-cdn.jtvnw.net/cf_vods/d1m7jfoe9zdc1j/9479b9229ac260ef33b5_classictetris_317667511129_1771282551//thumb/thumb1-%{width}x%{height}.jpg,public,1905,en,archive,4h37m26s,
2697759668,317847904475,131454884,classictetris,ClassicTetris,CTWC GENESIS X3 OPEN CHAMPIONSHIP | !MATCHERINO !BRACKET !QUAL !DONATE,,2026-02-14T18:31:25Z,2026-02-14T18:31:25Z,https://www.twitch.tv/videos/2697759668,https://static-cdn.jtvnw.net/cf_vods/d1m7jfoe9zdc1j/b4ef1a348e9eb4c4dc60_classictetris_317847904475_1771093881//thumb/thumb0-%{width}x%{height}.jpg,public,8350,en,archive,11h0m30s,
2696825978,317683530714,131454884,classictetris,ClassicTetris,CTWC GENESIS X3 DAS CHAMPIONSHIP | !MATCHERINO !BRACKET !QUAL !DONATE,,2026-02-13T18:26:39Z,2026-02-13T18:26:39Z,https://www.twitch.tv/videos/2696825978,https://static-cdn.jtvnw.net/cf_vods/d1m7jfoe9zdc1j/ec06d41b4ef57ae1ab71_classictetris_317683530714_1771007194//thumb/thumb0-%{width}x%{height}.jpg,public,6248,en,archive,9h59m7s,
2693640778,317621809498,131454884,classictetris,ClassicTetris,MONDAY NIGHT MAYHEM VOL. 2 EPISODE 68 | HOSTED BY OMENVOIR,,2026-02-10T00:01:44Z,2026-02-10T00:01:44Z,https://www.twitch.tv/videos/2693640778,https://static-cdn.jtvnw.net/cf_vods/d1m7jfoe9zdc1j/b354d43ae50b448cc251_classictetris_317621809498_1770681698//thumb/thumb0-%{width}x%{height}.jpg,public,1221,en,archive,4h18m3s,
2691655452,317717619291,131454884,classictetris,ClassicTetris,CTWC Washington State 2026 Regional Day 2 | !matcherino !bracket !qual !donate,,2026-02-07T18:28:28Z,2026-02-07T18:28:28Z,https://www.twitch.tv/videos/2691655452,https://static-cdn.jtvnw.net/cf_vods/d1m7jfoe9zdc1j/8f4a0c90e1cb9f694c4c_classictetris_317717619291_1770488903//thumb/thumb0-%{width}x%{height}.jpg,public,3998,en,archive,8h3m19s,
2690917678,317563872858,131454884,classictetris,ClassicTetris,CTWC Washington State 2026 Regional Day 1 | !matcherino !bracket !qual !donate,,2026-02-06T22:49:47Z,2026-02-06T22:49:47Z,https://www.twitch.tv/videos/2690917678,https://static-cdn.jtvnw.net/cf_vods/d1m7jfoe9zdc1j/539d60ba9fa448f62189_classictetris_317563872858_1770418182//thumb/thumb0-%{width}x%{height}.jpg,public,1524,en,archive,4h9m58s,
2684684099,317558362587,131454884,classictetris,ClassicTetris,FRIDAY NIGHT FIGHTS VOL. 2 EPISODE 59 | HOSTED BY BIRBWIZARD,,2026-01-30T22:58:35Z,2026-01-30T22:58:35Z,https://www.twitch.tv/videos/2684684099,https://static-cdn.jtvnw.net/cf_vods/d1m7jfoe9zdc1j/35f57c71abd8d2b8894a_classictetris_317558362587_1769813910//thumb/thumb0-%{width}x%{height}.jpg,public,1579,en,archive,6h5m36s,
2681191468,317300377305,131454884,classictetris,ClassicTetris,MONDAY NIGHT MAYHEM VOL. 2 EPISODE 67 | HOSTED BY OMENVOIR,,2026-01-27T00:01:51Z,2026-01-27T00:01:51Z,https://www.twitch.tv/videos/2681191468,https://static-cdn.jtvnw.net/cf_vods/d1m7jfoe9zdc1j/c7d9a9f535cd7be42cda_classictetris_317300377305_1769472106//thumb/thumb0-%{width}x%{height}.jpg,public,1306,en,archive,4h34m38s,
2595692157,,131454884,classictetris,ClassicTetris,Kingsman and Vince Clemente Get Pied in the Face - 2025 Jonas Neubauer Cup,,2025-10-19T04:33:31Z,2025-10-19T04:33:31Z,https://www.twitch.tv/videos/2595692157,https://static-cdn.jtvnw.net/cf_vods/d1m7jfoe9zdc1j/ff09b2eef8c3ecdc6d7a_classictetris_35903582335_2822534589//thumb/thumb2595692157-%{width}x%{height}.jpg,public,68,en,highlight,7m52s,
2481903000,,131454884,classictetris,ClassicTetris,2025 Classic Tetris World Championship - Day 3 - Part 2,,2025-06-10T01:29:05Z,2025-06-10T01:29:05Z,https://www.twitch.tv/videos/2481903000,https://static-cdn.jtvnw.net/cf_vods/d1m7jfoe9zdc1j/21642ad89ff1d7c7a528_classictetris_65185148809_3028364607//thumb/thumb2481903000-%{width}x%{height}.jpg,public,312,en,highlight,6h21m57s,
2481902441,,131454884,classictetris,ClassicTetris,2025 Classic Tetris World Championship - Day 3 - Part 1,,2025-06-10T01:28:26Z,2025-06-10T01:28:26Z,https://www.twitch.tv/videos/2481902441,https://static-cdn.jtvnw.net/cf_vods/d2nvs31859zcd8/d2e6ae1096d3d75a3dce_classictetris_62140019258_6545597001//thumb/thumb2481902441-%{width}x%{height}.jpg,public,86,en,highlight,2h21m50s,
2481889359,,131454884,classictetris,ClassicTetris,2025 Classic Tetris World Championship - Day 2 - Part 2,,2025-06-10T01:12:04Z,2025-06-10T01:12:04Z,https://www.twitch.tv/videos/2481889359,https://static-cdn.jtvnw.net/cf_vods/d1m7jfoe9zdc1j/824059bc47b7eb8bf333_classictetris_16905945201_7185735418//thumb/thumb2481889359-%{width}x%{height}.jpg,public,85,en,highlight,6h56m19s,
2481877077,,131454884,classictetris,ClassicTetris,2025 Classic Tetris World Championship - Day 2 - Part 1,,2025-06-10T00:58:37Z,2025-06-10T00:58:37Z,https://www.twitch.tv/videos/2481877077,https://static-cdn.jtvnw.net/cf_vods/d2nvs31859zcd8/c13d2d511faf5b2029d0_classictetris_89512862286_6880242429//thumb/thumb2481877077-%{width}x%{height}.jpg,public,48,en,highlight,4h5m54s,
2481876420,,131454884,classictetris,ClassicTetris,2025 Classic Tetris World Championship - Day 1 - Part 2,,2025-06-10T00:57:56Z,2025-06-10T00:57:56Z,https://www.twitch.tv/videos/2481876420,https://static-cdn.jtvnw.net/cf_vods/d2nvs31859zcd8/0a807f47590923ac41c2_classictetris_92545695085_3172691561//thumb/thumb2481876420-%{width}x%{height}.jpg,public,36,en,highlight,6h15m55s,
2481871595,,131454884,classictetris,ClassicTetris,2025 Classic Tetris World Championship - Day 1 - Part 1,,2025-06-10T00:51:58Z,2025-06-10T00:51:58Z,https://www.twitch.tv/videos/2481871595,https://static-cdn.jtvnw.net/cf_vods/d2nvs31859zcd8/cc181c0ffe1c9020c3d1_classictetris_79586969986_7112156934//thumb/thumb2481871595-%{width}x%{height}.jpg,public,30,en,highlight,4h6m19s,
2264809766,,131454884,classictetris,ClassicTetris,zzz The Jonas Cup Day 3 | The Grand Finals,,2024-10-01T07:48:29Z,2024-10-01T07:48:29Z,https://www.twitch.tv/videos/2264809766,https://static-cdn.jtvnw.net/cf_vods/d2nvs31859zcd8/0d73c4a2e59cc43c6848_classictetris_95110614959_9055200655//thumb/thumb2264809766-%{width}x%{height}.jpg,public,66,en,highlight,6h51m4s,
2168367364,,131454884,classictetris,ClassicTetris,CTWC Lifetime Achievement Award 2024,,2024-06-10T09:25:45Z,2024-06-10T09:25:45Z,https://www.twitch.tv/videos/2168367364,https://static-cdn.jtvnw.net/cf_vods/d2nvs31859zcd8/974e4ffe7b5207c0e2a4_classictetris_87345856279_8538857932//thumb/thumb2168367364-%{width}x%{height}.jpg,public,155,en,highlight,4m56s,
2168328747,,131454884,classictetris,ClassicTetris,zzz Classic Tetris World Championship XV – Day 3 Finals,,2024-06-10T07:11:46Z,2024-06-10T07:11:46Z,https://www.twitch.tv/videos/2168328747,https://static-cdn.jtvnw.net/cf_vods/d2nvs31859zcd8/a0b8df4dddc70c8e7acf_classictetris_73669125579_6496731145//thumb/thumb2168328747-%{width}x%{height}.jpg,public,175,en,highlight,9h32m51s,
2166592438,,131454884,classictetris,ClassicTetris,HISTORIC TETRIS MOMENT | ModRetro Classic Tetris World Championship,,2024-06-08T06:16:00Z,2024-06-08T06:16:00Z,https://www.twitch.tv/videos/2166592438,https://static-cdn.jtvnw.net/cf_vods/d1m7jfoe9zdc1j/faa5fe711ce14540361f_classictetris_17848470369_8313713427//thumb/thumb2166592438-%{width}x%{height}.jpg,public,153,en,highlight,2h10m53s,
2057582369,,131454884,classictetris,ClassicTetris,"Race to 10 Million! Blue Scuti, Andy, Fractal, dog, Gerald attempt World Records in NES Tetris!",,2024-02-09T07:54:18Z,2024-02-09T07:54:18Z,https://www.twitch.tv/videos/2057582369,https://static-cdn.jtvnw.net/cf_vods/d2nvs31859zcd8/4c5c5f6c7ca4ceabdd2a_classictetris_43486952595_1019514458//thumb/thumb2057582369-%{width}x%{height}.jpg,public,9,en,highlight,3h25m0s,
2022235875,,131454884,classictetris,ClassicTetris,Game Crash Chase | Who will BEAT Tetris next?,,2024-01-04T04:47:53Z,2024-01-04T04:47:53Z,https://www.twitch.tv/videos/2022235875,https://static-cdn.jtvnw.net/cf_vods/d1m7jfoe9zdc1j/5670969d03bc2730312d_classictetris_24321769380_9803534991//thumb/thumb2022235875-%{width}x%{height}.jpg,public,66,en,highlight,1h7m18s,
1952196127,,131454884,classictetris,ClassicTetris,CTWC 2023 Day 3: Gold Bracket Top 16 thru Finals,,2023-10-16T01:11:29Z,2023-10-16T01:11:29Z,https://www.twitch.tv/videos/1952196127,https://static-cdn.jtvnw.net/cf_vods/d1m7jfoe9zdc1j/42e75caf6017a2215cba_classictetris_66670766096_8135220480//thumb/thumb1952196127-%{width}x%{height}.jpg,public,1741,en,highlight,8h18m18s,
1629986663,,131454884,classictetris,ClassicTetris,Boom Trophy for Tang,,2022-10-21T02:36:36Z,2022-10-21T02:36:36Z,https://www.twitch.tv/videos/1629986663,https://static-cdn.jtvnw.net/cf_vods/d2nvs31859zcd8/54484c02e3d39a7b4f7b_classictetris_83839380747_5529656053//thumb/thumb1629986663-%{width}x%{height}.jpg,public,158,en,highlight,5m31s,
1626411847,,131454884,classictetris,ClassicTetris,CTWC 2022 Day 3 - Gold Bracket Finals,,2022-10-17T01:01:37Z,2022-10-17T01:01:37Z,https://www.twitch.tv/videos/1626411847,https://static-cdn.jtvnw.net/cf_vods/d2nvs31859zcd8/e9cfcd1bfbc509e0d4c1_classictetris_43838019912_6511595206//thumb/thumb1626411847-%{width}x%{height}.jpg,public,1359,en,highlight,7h47m28s,
504674253,,131454884,classictetris,ClassicTetris,CTWC 2019 - Greentea vs Joseph,,2019-11-06T14:06:05Z,2019-11-06T14:06:05Z,https://www.twitch.tv/videos/504674253,https://static-cdn.jtvnw.net/cf_vods/d2nvs31859zcd8/4745c9abf9f9dedc7bc6_classictetris_21826007947_1147529149//thumb/thumb504674253-%{width}x%{height}.jpg,public,1513,en,highlight,36m44s,
498194386,,131454884,classictetris,ClassicTetris,"Paul ""MegaRetroMan"" Tesi defeats Jonas Neubauer at the 2019 CTWC","The 7-time CTWC champion inexplicably tops out early in game 3 of round 1 of the tournament.  With a mediocre playfield, Paul Tesi manages to clutch build a new Tetris stack in the middle of the playfield to clutch out one of the dirtiest tetrises ever seen in CTWC history to propel him to victory.",2019-10-22T21:39:19Z,2019-10-22T21:39:19Z,https://www.twitch.tv/videos/498194386,https://static-cdn.jtvnw.net/cf_vods/d2nvs31859zcd8/d2eab66f92f0ce748ded_classictetris_29617633426_2536025210//thumb/thumb498194386-%{width}x%{height}.jpg,public,1929,en,highlight,2m26s,
328436649,,131454884,classictetris,ClassicTetris,Insane Quick Tap by Greentea in Semifinal!,Greentea with the clutch quick tap.,2018-10-28T07:56:38Z,2018-10-28T07:56:38Z,https://www.twitch.tv/videos/328436649,https://static-cdn.jtvnw.net/cf_vods/d2nvs31859zcd8/bafcbbc2fae5a77e6ef9_classictetris_30878118432_998507833//thumb/thumb328436649-%{width}x%{height}.jpg,public,3656,en,highlight,30s,
